sample_id,country,strain,collection_date,genome_similarity,mutations,latitude,longitude
SMP_0001,Australia,Beta,2021-09-10 09:16:53.767209008,99.29,18,-37.839678090262375,144.68305092621657
SMP_0002,Australia,Gamma,2021-11-24 19:11:38.372966208,99.06,7,-34.00180197905417,151.0265115126738
SMP_0003,USA,Delta,2026-12-03 20:23:43.779724672,99.42,22,40.69675442026802,-73.67224952584084
SMP_0004,USA,Gamma,2022-01-29 03:47:05.031289112,99.02,5,40.63568110952147,-74.04209137451612
SMP_0005,South Africa,Omega,2020-05-30 19:49:29.211514394,98.71,19,-34.263598379840985,18.079708773743143
SMP_0006,Germany,Mu,2027-01-13 01:40:55.569461824,98.36,11,48.4149907282692,11.338272645237032
SMP_0007,Brazil,Alpha,2027-09-26 11:23:03.229036288,100.25,12,-15.233000194753927,-47.848270796670285
SMP_0008,USA,Gamma,2023-04-21 14:35:53.692115152,99.45,9,42.47096980336063,-87.50650846344674
SMP_0009,Australia,Omega,2020-04-25 15:11:56.395494368,99.54,16,-33.71945752037761,151.28413669670377
SMP_0010,Russia,Beta,2023-10-19 14:23:16.745932416,99.26,10,60.19467476924762,29.72434957992158
SMP_0011,USA,Sigma,2020-02-25 07:16:08.710888611,98.52,22,41.70861316511817,-87.80264612451548
SMP_0012,Australia,Lambda,2025-11-06 16:51:03.829787232,98.87,11,-33.92215521244872,151.0994921761442
SMP_0013,Brazil,Omicron,2024-05-12 17:28:54.668335424,98.92,10,-23.790388800078553,-46.489762544183684
SMP_0014,Canada,Alpha,2030-06-17 22:13:40.025031296,99.34,10,45.514113941168254,-73.60739517353775
SMP_0015,USA,Delta,2030-07-18 02:11:33.867334144,98.98,15,41.49047810553948,-86.88703669703386
SMP_0016,Japan,Lambda,2030-02-07 05:02:46.708385472,99.72,10,34.78467650379101,135.62142565988756
SMP_0017,Canada,Beta,2024-07-07 00:45:03.379224032,98.88,14,45.299180563410694,-73.44929369263978
SMP_0018,India,Mu,2029-02-15 06:07:39.574468096,99.37,9,28.756221985839545,77.57834263832743
SMP_0019,Japan,Gamma,2030-05-18 18:15:46.182728384,98.72,11,35.89692630452574,139.88351596181204
SMP_0020,UK,Sigma,2026-05-11 17:18:05.857321664,98.54,16,51.805760061632554,-0.5105276259219902
SMP_0021,Germany,Zeta,2026-03-22 10:41:36.120150176,98.23,17,53.03476678448255,13.16322963150343
SMP_0022,South Africa,Epsilon,2022-10-12 13:29:12.690863584,97.87,19,-33.820955037501626,17.75096188689924
SMP_0023,South Africa,Delta,2021-10-10 13:14:47.609511888,98.98,8,-25.923027756168302,27.834506511834928
SMP_0024,Germany,Lambda,2026-07-26 03:12:50.463078848,99.7,13,47.83263680427982,11.628951468449431
SMP_0025,Russia,Sigma,2028-06-03 20:25:31.914893632,98.75,11,59.96128476602147,30.256230018166296
SMP_0026,Australia,Alpha,2026-01-11 01:26:30.488110144,99.71,15,-37.82284359082947,144.61464645411675
SMP_0027,Australia,Beta,2025-06-03 20:21:55.644555712,99.06,12,-37.45780731588453,144.76404824546583
SMP_0028,Russia,Gamma,2027-10-01 12:02:42.202753440,98.24,20,55.76478863408539,36.988446900547416
SMP_0029,Canada,Alpha,2027-06-27 23:29:21.702127648,98.19,8,43.73187727015176,-79.26825049970041
SMP_0030,South Africa,Gamma,2021-01-27 03:32:39.949937424,99.74,16,-26.29228148089848,27.961542446330395
SMP_0031,India,Lambda,2027-10-21 14:41:18.097622016,99.51,15,13.105183272776573,80.13845787163585
SMP_0032,South Africa,Theta,2026-09-24 11:08:38.147684608,98.48,18,-34.07904847888528,18.579004678383125
SMP_0033,India,Theta,2026-11-08 17:05:28.911138912,98.84,21,13.365433978230119,80.22650989230681
SMP_0034,Brazil,Beta,2025-10-22 14:52:06.908635808,98.37,12,-24.03212201536161,-46.02245429487019
SMP_0035,Australia,Gamma,2025-07-04 00:19:49.486858560,98.72,15,-34.0403278737294,151.24922869977604
SMP_0036,Japan,Epsilon,2030-07-28 03:30:51.814768448,99.14,10,35.84386913860619,139.80654640681442
SMP_0037,USA,Mu,2024-08-06 04:42:57.221526912,99.37,17,41.65562820062264,-87.89351180488782
SMP_0038,Germany,Omega,2030-07-13 01:31:54.893617024,98.76,19,52.359201733332995,13.27817990104558
SMP_0039,Russia,Alpha,2023-04-26 15:15:32.665832288,99.14,15,55.59419171003754,37.24387358588446
SMP_0040,South Africa,Delta,2029-08-10 05:15:23.654568192,98.18,9,-33.706606459991704,18.466429033331995
SMP_0041,India,Epsilon,2023-11-08 17:01:52.640801008,98.48,16,12.960094671838009,80.5099591596015
SMP_0042,Australia,Zeta,2021-03-13 09:29:30.713391744,99.79,21,-37.43461965104281,145.2418144468346
SMP_0043,Australia,Mu,2022-11-01 16:07:48.585732160,98.97,14,-38.17089921926562,144.96088029716918
SMP_0044,USA,Sigma,2027-05-03 16:13:12.991239040,99.5,13,42.17896529757686,-87.13463200079549
SMP_0045,India,Lambda,2030-06-02 20:14:43.103879872,99.6,14,28.412747965644897,77.18289387073412
SMP_0046,Canada,Gamma,2023-03-12 09:18:41.902377968,98.84,17,45.28783275311155,-73.8426230566622
SMP_0047,Russia,Beta,2022-08-23 06:52:42.953692112,99.52,9,59.857443749772884,30.048039015022173
SMP_0048,UK,Lambda,2028-02-09 05:13:35.519399264,99.64,9,51.47845658160502,-0.7551959661510276
SMP_0049,Japan,Beta,2026-07-26 03:12:50.463078848,99.17,12,34.55906008316251,135.91202011959413
SMP_0050,UK,Gamma,2030-09-21 10:47:00.525657088,99.59,16,51.345951943486156,-0.07921886962460652
SMP_0051,Germany,Omega,2022-06-03 20:18:19.374217776,99.65,15,48.13220284394771,11.256425247767302
SMP_0052,Brazil,Omicron,2022-09-07 08:51:39.874843552,98.03,10,-23.324573099409932,-46.195971743162474
SMP_0053,India,Delta,2029-09-29 11:51:53.391739648,98.97,10,18.95865550695642,72.32034375966582
SMP_0054,Australia,Mu,2022-11-11 17:27:06.533166464,99.58,4,-37.639284774478156,145.5529032523919
SMP_0055,India,Delta,2028-02-04 04:33:56.545682112,98.35,8,28.666089553522635,76.86389020397318
SMP_0056,Canada,Lambda,2023-09-04 08:26:25.982478096,100.23,15,43.16458879498994,-79.37701419362526
SMP_0057,India,Gamma,2021-09-15 09:56:32.740926160,99.31,7,18.821419035905024,72.22500657999939
SMP_0058,South Africa,Zeta,2023-08-10 05:08:11.113892368,99.09,15,-33.793161278354745,18.07290721446795
SMP_0059,Brazil,Zeta,2030-01-18 02:24:10.813516928,98.8,22,-16.06249682628285,-47.5182987708471
SMP_0060,Germany,Zeta,2020-04-25 15:11:56.395494368,98.98,15,48.736468257068516,11.691646268053278
SMP_0061,Canada,Lambda,2022-03-25 11:03:13.742177720,98.03,9,45.38770799358003,-73.47564827526698
SMP_0062,Germany,Gamma,2023-08-10 05:08:11.113892368,98.59,14,52.21856186239567,13.357137007584315
SMP_0063,Brazil,Mu,2024-11-14 17:55:56.695869824,99.25,14,-23.5863811765186,-46.404355320298244
SMP_0064,Brazil,Mu,2028-04-29 15:47:59.098873600,98.56,15,-23.092633801494713,-46.52465095219211
SMP_0065,Australia,Omicron,2023-07-11 01:10:17.271589488,99.96,6,-37.948791677348666,145.17342515428908
SMP_0066,India,Epsilon,2026-03-22 10:41:36.120150176,98.82,23,19.285274551968392,73.29512696122985
SMP_0067,Germany,Theta,2022-04-24 15:01:07.584480608,99.11,19,52.9822275167082,13.099184244940048
SMP_0068,Russia,Omicron,2020-11-07 16:58:16.370463080,97.7,13,59.966102780785064,30.103979268028706
SMP_0069,Japan,Lambda,2023-04-26 15:15:32.665832288,98.69,10,34.93716855150204,135.29326510041403
SMP_0070,Germany,Alpha,2025-10-22 14:52:06.908635808,99.04,10,47.99435238407937,11.414094814675853
SMP_0071,Australia,Theta,2021-03-18 10:09:09.687108888,100.22,15,-37.91976509692328,145.21968323505502
SMP_0072,South Africa,Gamma,2024-11-29 19:54:53.617021280,100.15,11,-34.17378617834652,18.93375093008765
SMP_0073,Russia,Mu,2028-09-22 10:57:49.336670848,99.67,13,55.90415169795834,37.441433292672706
SMP_0074,USA,Alpha,2026-06-15 21:55:38.673341664,98.46,14,41.74451550544998,-87.19249888632984
SMP_0075,Canada,Omega,2025-05-04 16:24:01.802252832,98.5,17,45.69804065127686,-73.34378904629195
SMP_0076,USA,Beta,2020-01-26 03:18:14.868585732,97.72,14,33.91693078231989,-118.1177935502231
SMP_0077,India,Zeta,2029-01-31 04:08:42.653316640,99.62,13,18.86488830418382,72.80256110070121
SMP_0078,India,Delta,2021-08-31 07:57:35.819774720,99.51,16,28.891248288186123,77.11875584071657
SMP_0079,Australia,Mu,2029-01-21 02:49:24.705882368,98.27,8,-37.873297628176296,144.94576393627312
SMP_0080,UK,Zeta,2021-04-27 15:26:21.476846056,98.62,20,51.774917911832986,0.05317763374873838
SMP_0081,Australia,Beta,2030-06-27 23:32:57.972465600,99.03,3,-37.44417455817626,144.65701709368884
SMP_0082,UK,Omega,2024-03-08 08:53:28.010012512,99.33,10,53.704629306758086,-1.8646586457760954
SMP_0083,Canada,Omega,2026-07-06 00:34:14.568210272,100.36,14,43.419105713194014,-79.45456967865637
SMP_0084,Japan,Sigma,2026-02-15 06:04:03.304130176,99.33,17,34.742320348521844,134.7939628997135
SMP_0085,Germany,Alpha,2023-05-11 17:14:29.586983728,99.1,13,52.74646302683658,13.432571510374563
SMP_0086,Germany,Alpha,2025-11-21 18:50:00.750938688,99.01,14,52.646612703214046,14.038355488299729
SMP_0087,India,Sigma,2024-10-20 14:37:41.827284096,99.42,9,12.854358111427663,80.63146978390355
SMP_0088,India,Sigma,2024-06-21 22:46:06.458072592,98.57,12,29.25710161386328,77.37737007277511
SMP_0089,Canada,Omega,2022-02-13 05:46:01.952440552,100.02,11,44.000731390000205,-79.20510471751726
SMP_0090,USA,Sigma,2027-08-22 06:45:30.413016288,99.65,12,33.979879765099014,-117.95308076923678
SMP_0091,Germany,Mu,2026-05-26 19:17:02.778473088,99.84,12,48.23035810991953,11.437198335492582
SMP_0092,Japan,Lambda,2026-10-04 12:27:56.095118912,98.91,9,35.83487070836419,140.0526789681677
SMP_0093,Russia,Theta,2022-12-11 21:25:00.375469344,98.45,14,60.1589157723288,30.329648341427575
SMP_0094,UK,Alpha,2022-03-30 11:42:52.715894872,99.85,11,51.59099394127284,0.3918128636796555
SMP_0095,Canada,Beta,2023-08-20 06:27:29.061326656,99.1,11,44.99615223439808,-73.25847045926007
SMP_0096,Russia,Delta,2030-12-20 22:40:42.052565696,99.48,15,55.985004830242524,37.27033143661217
SMP_0097,Canada,Lambda,2030-10-06 12:45:57.446808512,98.6,17,43.34266808475084,-79.14086521949638
SMP_0098,India,Beta,2030-11-20 18:42:48.210262848,99.83,8,19.421204643716006,72.69008866426066
SMP_0099,Germany,Beta,2029-12-28 23:45:34.918648320,100.17,14,47.98888202469537,11.57495927446718
SMP_0100,India,Zeta,2023-12-28 23:38:22.377972464,99.31,12,28.60030057086714,77.36354166612826
SMP_0101,Canada,Beta,2030-03-24 10:59:37.471839808,98.59,11,43.85841412421689,-79.08114817901084
SMP_0102,Australia,Sigma,2028-01-25 03:14:38.598247808,98.99,25,-37.69237677137933,144.55581201624935
SMP_0103,USA,Theta,2020-03-16 09:54:44.605757197,98.66,18,41.9493488609957,-87.54458197223666
SMP_0104,Canada,Delta,2023-05-06 16:34:50.613266592,99.19,16,45.784321291535505,-73.467303843689
SMP_0105,Germany,Lambda,2027-07-03 00:09:00.675844800,99.24,12,52.75287660817192,13.511162775662939
SMP_0106,UK,Omega,2024-05-17 18:08:33.642052560,100.24,19,51.73344431534056,-0.5903335345999071
SMP_0107,USA,Delta,2022-05-14 17:39:43.479349184,98.19,10,40.6606872521612,-73.6133655220801
SMP_0108,Japan,Beta,2029-09-04 08:33:38.523153920,98.34,12,34.3687629513586,135.31530958863036
SMP_0109,UK,Mu,2028-11-26 19:33:15.994993760,99.04,16,51.40065173202965,-0.3190406918390424
SMP_0110,Russia,Theta,2024-07-12 01:24:42.352941184,98.53,17,60.00048508394401,30.194882360309055
SMP_0111,UK,Beta,2029-06-20 22:38:53.917396736,97.5,16,53.09480599463634,-2.200718245030681
SMP_0112,Canada,Omicron,2026-05-01 15:58:47.909887360,99.48,18,43.46261607167941,-79.25216565034862
SMP_0113,USA,Lambda,2028-12-21 22:51:30.863579488,98.89,10,34.16149791665319,-117.92682727999824
SMP_0114,Russia,Gamma,2029-05-21 18:41:00.075093888,98.56,14,60.77063011365907,30.484161389755254
SMP_0115,USA,Mu,2026-08-30 07:50:23.279098880,99.78,12,42.0347919288026,-87.58257016157697
SMP_0116,Germany,Theta,2025-06-23 23:00:31.539424288,98.77,20,52.42435879033622,13.321844866947787
SMP_0117,Russia,Gamma,2020-06-09 21:08:47.158948686,98.85,11,55.08806103123333,37.56060778171361
SMP_0118,Canada,Delta,2023-03-17 09:58:20.876095120,99.43,21,43.69993242724448,-78.91847016811279
SMP_0119,Germany,Alpha,2021-05-22 18:44:36.345431792,98.24,7,48.05264980561514,11.624359757131069
SMP_0120,Germany,Theta,2021-10-15 13:54:26.583229040,98.73,22,53.0713461027572,13.716428286151974
SMP_0121,Brazil,Mu,2021-06-11 21:23:12.240300376,99.26,18,-23.34163279090228,-46.884038800285246
SMP_0122,Russia,Mu,2028-01-05 00:36:02.703379232,98.31,9,56.10644038989098,37.33758685898887
SMP_0123,USA,Delta,2030-08-02 04:10:30.788485632,99.1,6,41.3821377193849,-87.61497485877754
SMP_0124,Russia,Lambda,2023-09-14 09:45:43.929912384,99.26,13,59.83448168271368,31.00396025135835
SMP_0125,Australia,Lambda,2020-08-09 05:04:34.843554444,99.94,12,-33.65023570102501,151.03702290954053
SMP_0126,Russia,Omicron,2029-03-17 10:05:33.416770944,98.79,4,55.49726243395777,37.573293594089165
SMP_0127,USA,Theta,2025-09-07 08:55:16.145181472,99.66,20,41.51657466562468,-87.56673720512426
SMP_0128,South Africa,Delta,2020-01-16 01:58:56.921151439,99.64,17,-26.156908091331637,28.179070339272066
SMP_0129,USA,Omicron,2027-07-13 01:28:18.623279104,98.17,17,40.52323784694416,-74.02577520528205
SMP_0130,USA,Beta,2020-07-30 03:45:16.896120152,99.06,16,41.25495021871097,-73.41622214160388
SMP_0131,Russia,Mu,2023-02-10 05:20:48.060075088,99.05,16,56.02680649863476,37.5252695659301
SMP_0132,Brazil,Gamma,2028-11-06 16:54:40.100125152,98.73,13,-15.69498069936806,-48.36877675856646
SMP_0133,South Africa,Sigma,2030-06-02 20:14:43.103879872,98.62,14,-26.742478421298273,27.681337663482708
SMP_0134,Brazil,Beta,2023-03-07 08:39:02.928660832,98.06,13,-15.949210090486256,-47.940677525816255
SMP_0135,Japan,Theta,2023-01-11 01:22:54.217772224,99.07,21,35.71878754350688,139.87377915139749
SMP_0136,Brazil,Gamma,2025-05-19 18:22:58.723404256,99.29,9,-15.384223376487466,-48.10975883934127
SMP_0137,Japan,Theta,2026-04-06 12:40:33.041301632,98.8,18,34.66018865792544,135.7919149741242
SMP_0138,Canada,Gamma,2026-12-23 23:02:19.674593248,99.4,6,44.29043416564843,-79.03644857565244
SMP_0139,India,Sigma,2023-04-11 13:16:35.744680848,98.3,21,28.318187297536088,77.38077971305432
SMP_0140,South Africa,Gamma,2023-08-05 04:28:32.140175216,98.38,13,-26.334880731084898,27.610283889318342
SMP_0141,UK,Omicron,2024-08-26 07:21:33.116395488,99.82,13,53.986310481388195,-1.7007586655557478
SMP_0142,Canada,Sigma,2027-03-09 08:57:04.280350432,100.05,18,43.62046917920896,-79.39315720375765
SMP_0143,Canada,Beta,2024-04-12 13:31:00.826032544,97.55,14,45.75739374699815,-73.71207320096097
SMP_0144,UK,Sigma,2021-10-20 14:34:05.556946184,100.2,16,53.39288313068973,-2.119813205053743
SMP_0145,Canada,Mu,2021-10-05 12:35:08.635794744,99.49,8,45.53350095141989,-73.05713846045579
SMP_0146,Japan,Theta,2022-02-03 04:26:44.005006256,98.71,17,34.01710888679353,135.45780917458123
SMP_0147,UK,Sigma,2030-06-12 21:34:01.051314176,98.84,17,53.54003113759459,-2.5365643591717832
SMP_0148,India,Lambda,2020-09-08 09:02:28.685857320,99.69,10,19.340183327906704,73.02277690697547
SMP_0149,Brazil,Mu,2027-06-27 23:29:21.702127648,100.06,8,-23.755992978414763,-46.70427446104608
SMP_0150,Brazil,Zeta,2027-12-15 21:57:26.808510656,99.51,12,-23.09246238079009,-46.466750212692105
SMP_0151,Brazil,Mu,2025-11-11 17:30:42.803504384,99.15,10,-15.638231411137603,-48.24015490610425
SMP_0152,Brazil,Delta,2030-03-24 10:59:37.471839808,99.12,13,-23.28740677967799,-46.45274985428676
SMP_0153,South Africa,Delta,2022-04-09 13:02:10.663329160,98.34,12,-26.084523877327218,28.276403944516115
SMP_0154,Brazil,Lambda,2027-08-12 05:26:12.465581984,99.23,13,-23.53045756255986,-46.98623113657072
SMP_0155,Japan,Beta,2025-10-12 13:32:48.961201504,98.91,12,35.8023489121772,139.83373731210148
SMP_0156,UK,Omega,2029-10-04 12:31:32.365456832,99.02,21,53.29026536842963,-2.071411506114644
SMP_0157,South Africa,Alpha,2026-04-06 12:40:33.041301632,99.14,17,-34.19384191939792,18.272993148246197
SMP_0158,India,Gamma,2030-01-23 03:03:49.787234048,98.69,13,19.404428537433454,73.11393037404831
SMP_0159,South Africa,Zeta,2027-04-18 14:14:16.070087616,98.42,15,-33.829427265173706,18.7025659993759
SMP_0160,Japan,Zeta,2027-10-16 14:01:39.123904896,99.87,19,34.70936424493478,135.20781728802658
SMP_0161,Russia,Omega,2023-06-10 21:12:23.429286608,99.28,15,55.05935535620338,37.41950452415657
SMP_0162,Brazil,Omicron,2027-07-13 01:28:18.623279104,97.89,11,-15.396131478838026,-47.56873887913539
SMP_0163,South Africa,Mu,2029-05-26 19:20:39.048811008,99.28,12,-34.19440349328094,18.726297340487406
SMP_0164,UK,Theta,2026-04-21 14:39:29.962453056,99.55,11,51.30988485561841,-0.13852899219716028
SMP_0165,South Africa,Delta,2028-03-15 09:51:08.335419264,99.18,16,-34.182472184603554,17.842305177688424
SMP_0166,Russia,Omega,2023-07-16 01:49:56.245306640,99.62,17,60.64556458694363,30.18436474033581
SMP_0167,UK,Lambda,2029-03-27 11:24:51.364205248,100.67,6,53.67084153859627,-1.9304663540578109
SMP_0168,UK,Zeta,2030-08-12 05:29:48.735919872,98.51,19,51.78998370064264,-0.2913249565019205
SMP_0169,Germany,Zeta,2028-03-05 08:31:50.387984992,99.01,13,52.56845575917224,13.613485051795875
SMP_0170,Canada,Alpha,2028-01-15 01:55:20.650813504,98.38,10,45.695329289027626,-73.47135915444187
SMP_0171,Canada,Omega,2021-01-02 00:14:25.081351688,97.39,12,45.39350984859627,-73.76671077023148
SMP_0172,Brazil,Delta,2027-01-13 01:40:55.569461824,98.85,11,-23.306863083691358,-46.5608646487461
SMP_0173,USA,Epsilon,2021-05-07 16:45:39.424280352,98.92,15,34.52469422751246,-118.37263343794886
SMP_0174,Germany,Gamma,2022-07-29 03:34:28.085106384,98.53,9,47.965206775134305,11.940473597543019
SMP_0175,UK,Mu,2025-10-12 13:32:48.961201504,98.37,11,51.73726541136538,-0.18086443646544398
SMP_0176,Brazil,Alpha,2030-04-08 12:58:34.392991232,99.59,16,-16.14458759162255,-47.74363690593548
SMP_0177,USA,Beta,2024-02-02 04:15:55.193992496,98.41,14,34.54436205606001,-118.08768264830842
SMP_0178,India,Zeta,2028-10-17 14:16:04.205256576,98.48,17,13.264519681057166,80.1475370774374
SMP_0179,India,Mu,2029-09-04 08:33:38.523153920,98.39,20,28.61230418379679,77.5367558390327
SMP_0180,Russia,Theta,2025-11-06 16:51:03.829787232,100.73,14,59.89465854924104,30.267234644990065
SMP_0181,UK,Omega,2028-07-09 01:03:04.730913632,99.4,10,51.31607415417319,-0.27901326361429535
SMP_0182,India,Omega,2026-06-20 22:35:17.647058816,99.1,11,13.431399999400048,80.67940475133588
SMP_0183,India,Theta,2024-09-25 11:19:26.958698368,99.57,18,13.220045737497173,80.24092893972103
SMP_0184,Australia,Beta,2022-04-14 13:41:49.637046304,99.81,16,-37.34492585795309,144.2443771647621
SMP_0185,South Africa,Delta,2025-03-25 11:06:50.012515648,98.26,12,-34.03815836171044,17.987018380438002
SMP_0186,Russia,Alpha,2028-02-04 04:33:56.545682112,100.65,11,60.01724551071849,30.477301560654713
SMP_0187,South Africa,Alpha,2022-10-17 14:08:51.664580720,98.91,14,-33.553824913926235,18.552469206434754
SMP_0188,Japan,Sigma,2025-03-15 09:47:32.065081344,99.11,12,35.153472897648285,135.09323791660168
SMP_0189,USA,Epsilon,2024-11-09 17:16:17.722152704,98.64,16,42.10664581608086,-88.16335386332426
SMP_0190,India,Theta,2028-02-14 05:53:14.493116384,97.97,14,28.348390181130398,77.57252541361682
SMP_0191,South Africa,Zeta,2023-01-01 00:03:36.270337920,99.68,13,-33.99627547699529,18.38877824708962
SMP_0192,Russia,Delta,2029-01-31 04:08:42.653316640,99.03,15,55.6457663181893,37.72249253579564
SMP_0193,Japan,Omicron,2022-01-29 03:47:05.031289112,97.8,13,34.86335105673067,135.4864943596617
SMP_0194,Canada,Beta,2028-06-28 23:43:46.783479360,98.83,11,44.97613815545516,-73.62988235001968
SMP_0195,Australia,Mu,2026-07-31 03:52:29.436796000,98.84,12,-37.686460975886845,144.97383515689307
SMP_0196,South Africa,Alpha,2024-03-13 09:33:06.983729664,98.79,14,-26.8676378209943,28.3972551653247
SMP_0197,UK,Lambda,2020-04-15 13:52:38.448060076,99.8,12,53.039513505909966,-1.79280626929219
SMP_0198,South Africa,Gamma,2024-10-15 13:58:02.853566976,99.22,6,-26.771287253983232,28.041127671870488
SMP_0199,India,Beta,2022-12-21 22:44:18.322903632,99.07,11,19.344564073214194,72.90854198872104
SMP_0200,South Africa,Mu,2024-03-28 11:32:03.904881104,98.62,18,-33.60189115904174,17.98908040686871
SMP_0201,Germany,Omicron,2030-05-23 18:55:25.156445568,98.91,8,47.79760250928969,12.481889558954329
SMP_0202,UK,Beta,2021-04-12 13:27:24.555694616,98.74,13,50.7696260852768,-0.22122132840633696
SMP_0203,Japan,Omicron,2029-04-21 14:43:06.232790976,98.84,12,35.83112290352781,139.78303933485668
SMP_0204,Australia,Alpha,2028-05-29 19:45:52.941176480,98.63,14,-33.79825580235438,151.5099910019585
SMP_0205,South Africa,Delta,2020-06-29 23:47:23.053817272,98.4,17,-34.00245365174838,18.47255744033016
SMP_0206,Germany,Beta,2030-10-11 13:25:36.420525632,99.19,12,52.78793269726304,12.602887791767632
SMP_0207,Australia,Delta,2026-09-09 09:09:41.226533184,99.1,8,-37.876584707359136,144.59906293684062
SMP_0208,Russia,Gamma,2020-11-12 17:37:55.344180224,100.23,10,55.44389993025111,37.795474859494554
SMP_0209,Russia,Theta,2024-04-12 13:31:00.826032544,98.63,19,56.20433751607123,38.10800958098289
SMP_0210,Brazil,Theta,2026-11-23 19:04:25.832290368,98.21,18,-23.34504692334813,-46.849072082864645
SMP_0211,Japan,Delta,2020-09-28 11:41:04.580725908,98.3,17,34.61684153714023,135.64745249040155
SMP_0212,UK,Gamma,2023-05-21 18:33:47.534418016,98.95,12,53.407885527585535,-2.241802754515846
SMP_0213,UK,Beta,2025-08-03 04:17:43.329161440,98.57,15,51.06727156495075,-0.21520868995194514
SMP_0214,Brazil,Alpha,2020-11-02 16:18:37.396745932,99.17,6,-24.127305568503555,-47.08844105180999
SMP_0215,UK,Theta,2026-04-16 13:59:50.988735936,99.56,3,51.60367753418133,0.05643894150104553
SMP_0216,Germany,Delta,2025-06-18 22:20:52.565707136,98.5,18,47.79084367995966,11.610198457701348
SMP_0217,South Africa,Gamma,2030-05-18 18:15:46.182728384,98.3,11,-34.13612773475131,18.149733571917693
SMP_0218,India,Theta,2021-05-02 16:06:00.450563208,99.62,15,19.217495458857584,72.94107946263728
SMP_0219,Brazil,Alpha,2024-06-01 20:07:30.563204000,99.03,11,-23.036620762928777,-46.15733175303451
SMP_0220,South Africa,Sigma,2027-09-26 11:23:03.229036288,99.53,20,-34.314491632769816,18.245438970586843
SMP_0221,Brazil,Sigma,2022-07-19 02:15:10.137672096,98.84,23,-16.17955233655715,-47.83736290848024
SMP_0222,Brazil,Delta,2030-01-23 03:03:49.787234048,97.87,12,-23.71870752610883,-46.9336225206509
SMP_0223,Germany,Alpha,2025-05-14 17:43:19.749687104,98.92,15,47.698737839171905,11.580593484983385
SMP_0224,Brazil,Gamma,2025-04-24 15:04:43.854818528,99.27,13,-15.684230196541233,-47.873117485878105
SMP_0225,USA,Lambda,2020-01-06 00:39:38.973717146,97.99,11,42.18838713768255,-87.3891721849788
SMP_0226,Japan,Lambda,2023-11-28 19:40:28.535669584,98.98,8,35.40654706093804,139.60605383084848
SMP_0227,India,Epsilon,2023-01-06 00:43:15.244055072,98.66,15,19.128164490803197,73.53986413467966
SMP_0228,USA,Mu,2027-04-28 15:33:34.017521920,98.57,11,34.22601286531669,-117.7914508866448
SMP_0229,Australia,Gamma,2022-02-08 05:06:22.978723408,99.68,15,-38.29913470269827,145.24536001058473
SMP_0230,India,Gamma,2021-05-12 17:25:18.397997496,98.93,14,13.102476283771802,80.54362227208833
SMP_0231,UK,Gamma,2022-12-26 23:23:57.296620784,98.26,10,51.34752886984481,-0.6670643236217717
SMP_0232,USA,Lambda,2023-01-11 01:22:54.217772224,98.17,7,42.1296333266236,-87.06576090714488
SMP_0233,UK,Mu,2030-10-01 12:06:18.473091392,99.2,16,53.46132564094602,-2.3957800210832843
SMP_0234,Japan,Theta,2025-10-07 12:53:09.987484352,99.44,22,35.958749648891974,139.41309177907684
SMP_0235,USA,Gamma,2026-05-01 15:58:47.909887360,98.99,19,41.74070835111274,-87.81130231044266
SMP_0236,Australia,Epsilon,2029-08-05 04:35:44.680851072,100.12,15,-37.32070468784008,144.95871594900805
SMP_0237,Australia,Gamma,2028-10-02 12:17:07.284105120,99.31,14,-37.65115978539832,144.39499815931936
SMP_0238,Russia,Zeta,2024-12-09 21:14:11.564455584,98.72,18,55.977957112296544,37.64885847816545
SMP_0239,UK,Alpha,2030-09-01 08:08:24.630788480,99.27,8,53.73083248992738,-2.1778972046299443
SMP_0240,UK,Mu,2027-07-08 00:48:39.649561952,98.45,13,51.40855259410417,0.20663739921919702
SMP_0241,South Africa,Gamma,2022-05-19 18:19:22.453066336,99.16,12,-25.53206623867312,28.28747833044668
SMP_0242,Australia,Alpha,2021-04-17 14:07:03.529411768,99.12,6,-33.735204691518376,151.3657359063401
SMP_0243,Russia,Lambda,2024-02-07 04:55:34.167709632,99.04,10,55.80083116759375,37.34352548279495
SMP_0244,Canada,Theta,2027-09-01 08:04:48.360450560,99.15,21,43.31597615007661,-79.6691095681831
SMP_0245,Russia,Delta,2029-12-18 22:26:16.971214016,98.44,8,59.42049324819168,30.373019950419348
SMP_0246,Russia,Alpha,2027-05-23 18:51:48.886107648,99.08,13,56.29664294041581,37.27776537810351
SMP_0247,USA,Gamma,2021-05-22 18:44:36.345431792,98.24,26,41.81353029377999,-87.7935734441136
SMP_0248,Brazil,Alpha,2024-05-07 16:49:15.694618272,98.67,10,-15.778978671304396,-47.75199878260035
SMP_0249,UK,Delta,2022-09-07 08:51:39.874843552,98.34,21,51.476447408663205,-0.4775820913231773
SMP_0250,Germany,Beta,2023-09-04 08:26:25.982478096,99.22,12,47.8992078430636,11.254136569509816
SMP_0251,South Africa,Beta,2030-04-23 14:57:31.314142656,98.87,12,-33.863718124943524,18.540995901781127
SMP_0252,USA,Beta,2030-12-20 22:40:42.052565696,98.79,5,40.64753790366892,-73.45278709675483
SMP_0253,USA,Alpha,2024-04-22 14:50:18.773466832,98.35,13,41.781455627645755,-87.65944007682351
SMP_0254,USA,Mu,2025-10-22 14:52:06.908635808,98.79,10,40.75882656425442,-73.97071857261083
SMP_0255,UK,Beta,2025-01-29 03:50:41.301627040,98.72,7,51.57353899363784,-0.1467872636633373
SMP_0256,Brazil,Omicron,2028-01-20 02:34:59.624530656,100.54,17,-15.425043759393635,-47.56302444116734
SMP_0257,Japan,Gamma,2030-01-28 03:43:28.760951168,99.27,11,35.24059522464078,140.0651007566894
SMP_0258,UK,Beta,2030-03-29 11:39:16.445556928,98.29,16,53.523894212741055,-2.423516443598284
SMP_0259,UK,Theta,2024-07-17 02:04:21.326658320,98.5,10,53.49322485969899,-2.840427238033889
SMP_0260,Japan,Alpha,2024-11-19 18:35:35.669586976,98.71,14,35.86770299655506,139.7620339873963
SMP_0261,South Africa,Theta,2024-08-06 04:42:57.221526912,98.22,16,-26.073828702451387,27.392948543917097
SMP_0262,USA,Sigma,2022-07-04 00:16:13.216520656,98.65,19,33.93726416753474,-118.01078574884123
SMP_0263,USA,Zeta,2028-03-15 09:51:08.335419264,98.94,15,41.54563802060625,-88.16308061381739
SMP_0264,Germany,Gamma,2020-10-03 12:20:43.554443056,99.07,10,52.748775479268204,13.623493099901426
SMP_0265,Australia,Mu,2026-05-01 15:58:47.909887360,98.68,8,-38.412928991368084,145.24755672251285
SMP_0266,UK,Epsilon,2022-11-21 18:46:24.480600752,100.26,19,53.33862738427058,-2.3734509741866
SMP_0267,India,Sigma,2021-09-15 09:56:32.740926160,99.24,16,28.83012002664841,77.12889708272003
SMP_0268,USA,Zeta,2026-11-18 18:24:46.858573216,99.36,16,42.664564214130486,-87.80981314553702
SMP_0269,Brazil,Gamma,2029-01-21 02:49:24.705882368,98.72,19,-23.552219320475768,-46.75311212733221
SMP_0270,USA,Beta,2030-10-01 12:06:18.473091392,99.58,15,41.95114045084585,-87.65120403888902
SMP_0271,USA,Omicron,2026-11-08 17:05:28.911138912,99.6,10,40.46038861565739,-74.22307078531253
SMP_0272,Germany,Alpha,2021-11-09 17:12:41.451814768,99.05,13,48.1853746697268,11.484852302939824
SMP_0273,Brazil,Delta,2022-04-09 13:02:10.663329160,98.88,12,-24.139573512703812,-46.7039405920302
SMP_0274,India,Gamma,2030-11-20 18:42:48.210262848,98.6,13,19.068333857955746,72.87594054393789
SMP_0275,Australia,Omega,2024-08-26 07:21:33.116395488,98.67,20,-33.5573069592122,151.41639538798216
SMP_0276,India,Delta,2029-06-25 23:18:32.891113920,99.34,13,28.040083198033813,77.14968380944836
SMP_0277,Russia,Lambda,2020-04-25 15:11:56.395494368,98.46,11,55.792324625040116,37.68559363724476
SMP_0278,Germany,Alpha,2025-01-29 03:50:41.301627040,99.74,12,52.41326584070916,13.435954020977858
SMP_0279,South Africa,Gamma,2026-11-03 16:25:49.937421792,98.88,12,-33.64931041017695,17.825993319955337
SMP_0280,USA,Omicron,2028-08-13 05:40:37.546933664,98.9,8,41.59877465479325,-87.71068874553973
SMP_0281,USA,Delta,2027-05-13 17:32:30.938673344,99.55,16,41.79384813164892,-87.42300176910283
SMP_0282,Canada,Alpha,2029-09-19 10:32:35.444305408,98.11,13,43.32336862915737,-78.92579343644842
SMP_0283,Russia,Alpha,2028-06-13 21:44:49.862327904,98.88,8,55.845394681657616,37.35696466652259
SMP_0284,Russia,Epsilon,2022-04-29 15:40:46.558197744,99.14,11,55.658990067876594,37.699349593695466
SMP_0285,South Africa,Lambda,2030-07-28 03:30:51.814768448,99.25,15,-26.560359943320623,28.28752784816885
SMP_0286,Germany,Mu,2030-04-08 12:58:34.392991232,98.52,14,47.92986333310121,11.543013538306882
SMP_0287,India,Omicron,2023-12-23 22:58:43.404255328,98.85,14,29.049985314155094,76.96917301316248
SMP_0288,Canada,Sigma,2027-10-11 13:22:00.150187744,99.14,14,45.60400472385522,-73.73800820647688
SMP_0289,Australia,Omicron,2023-02-15 06:00:27.033792240,98.87,10,-37.59810178154391,144.67212911946885
SMP_0290,Brazil,Alpha,2024-05-22 18:48:12.615769712,99.06,12,-15.790640721541129,-47.14312978947483
SMP_0291,USA,Lambda,2023-07-26 03:09:14.192740928,98.5,16,33.91963090410102,-117.8021063542033
SMP_0292,UK,Gamma,2029-04-26 15:22:45.206508160,99.31,6,53.33179196929272,-1.8887698735361136
SMP_0293,Brazil,Sigma,2027-03-04 08:17:25.306633280,98.13,15,-15.982659415830037,-47.463421312109396
SMP_0294,Russia,Beta,2025-08-18 06:16:40.250312896,98.6,6,55.77169080054838,37.43504187417784
SMP_0295,South Africa,Gamma,2022-10-07 12:49:33.717146432,100.12,18,-33.88573685770977,18.951159919142263
SMP_0296,Canada,Omicron,2026-06-30 23:54:35.594493120,99.07,12,43.25026136051175,-79.10647517975717
SMP_0297,UK,Theta,2030-11-10 17:23:30.262828544,99.14,21,51.6103066881025,-0.21507050709279255
SMP_0298,Canada,Alpha,2028-03-30 11:50:05.256570720,98.18,11,42.83585298211895,-79.54647752865088
SMP_0299,India,Gamma,2024-10-10 13:18:23.879849824,98.78,7,18.701857124057113,72.77736367651251
SMP_0300,USA,Sigma,2023-04-16 13:56:14.718398000,98.35,17,41.50674926108436,-87.77199763718313
SMP_0301,Russia,Theta,2023-03-17 09:58:20.876095120,99.29,16,59.703072086603946,30.644187696191917
SMP_0302,Russia,Lambda,2030-03-19 10:19:58.498122688,98.38,13,59.52763153158791,30.515939308546827
SMP_0303,Japan,Mu,2029-05-01 16:02:24.180225280,98.26,9,34.481487538633885,135.8974261330896
SMP_0304,Australia,Delta,2025-01-29 03:50:41.301627040,98.41,21,-33.91978056080419,151.0418216358927
SMP_0305,Russia,Theta,2027-07-13 01:28:18.623279104,99.94,16,59.77710492958131,30.816257421478213
SMP_0306,Germany,Alpha,2030-10-31 16:04:12.315394240,98.8,8,48.51961262691444,11.956403430594792
SMP_0307,Germany,Mu,2030-07-28 03:30:51.814768448,99.14,12,47.93179263546831,11.06880464717827
SMP_0308,India,Epsilon,2025-04-14 13:45:25.907384224,100.04,14,13.15311219214891,79.5753322017269
SMP_0309,Australia,Omicron,2024-07-12 01:24:42.352941184,97.82,17,-37.75523672265408,145.30412928920592
SMP_0310,Japan,Omega,2027-02-17 06:18:28.385481856,100.21,17,35.62783581023866,139.40634824232788
SMP_0311,Russia,Beta,2024-11-24 19:15:14.643304128,99.87,8,55.81506730166434,37.18056520832745
SMP_0312,Brazil,Zeta,2029-10-24 15:10:08.260325440,99.57,12,-23.13712524876894,-46.20829266666372
SMP_0313,UK,Omicron,2020-07-30 03:45:16.896120152,98.21,10,53.29898388190545,-2.2713349541531915
SMP_0314,Brazil,Lambda,2022-03-05 08:24:37.847309136,99.84,19,-15.766161504483515,-48.05872251952781
SMP_0315,Australia,Gamma,2025-01-29 03:50:41.301627040,99.68,13,-34.11472402660815,151.88592564783698
SMP_0316,Germany,Zeta,2022-08-23 06:52:42.953692112,99.45,12,47.67480781212172,11.170120996135646
SMP_0317,Brazil,Lambda,2026-03-27 11:21:15.093867328,99.54,13,-15.358175678753774,-48.40125124303252
SMP_0318,USA,Sigma,2020-11-22 18:57:13.291614520,99.74,21,42.38429627084804,-88.06759723604455
SMP_0319,Canada,Epsilon,2030-01-23 03:03:49.787234048,98.33,12,45.21190854602831,-73.89499568246669
SMP_0320,UK,Sigma,2026-05-31 19:56:41.752190240,98.15,15,53.7813371604313,-1.6943772366162249
SMP_0321,India,Epsilon,2028-02-29 07:52:11.414267840,98.57,18,28.642294680472304,77.39214959785757
SMP_0322,Japan,Beta,2022-11-16 18:06:45.506883600,98.98,11,35.46892918503708,139.59146259755784
SMP_0323,Russia,Delta,2029-09-19 10:32:35.444305408,99.17,8,59.570958575375215,30.543381114340548
SMP_0324,USA,Beta,2025-08-08 04:57:22.302878592,98.53,13,40.3931044139766,-73.92934797407176
SMP_0325,India,Omega,2027-02-02 04:19:31.464330400,99.42,21,28.290846117316303,77.39110459957284
SMP_0326,Germany,Alpha,2027-03-24 10:56:01.201501888,98.85,16,48.585284432381734,11.67007480695642
SMP_0327,USA,Mu,2022-03-20 10:23:34.768460576,99.56,17,34.24081252512018,-118.19930600915592
SMP_0328,India,Mu,2022-11-01 16:07:48.585732160,99.28,14,18.936958359011697,73.05809655870924
SMP_0329,India,Omicron,2020-03-31 11:53:41.526908636,98.61,16,13.200880207893436,79.80301674819573
SMP_0330,Brazil,Sigma,2026-02-20 06:43:42.277847296,100.29,17,-23.54078829358815,-46.505602522576154
SMP_0331,South Africa,Beta,2030-08-22 06:49:06.683354176,99.41,10,-33.511424379973214,18.520404769893712
SMP_0332,Australia,Zeta,2021-09-05 08:37:14.793491864,98.78,15,-33.714809694845854,151.69408105297205
SMP_0333,Canada,Lambda,2024-10-05 12:38:44.906132672,98.94,13,45.353121644718435,-73.96502176371416
SMP_0334,South Africa,Gamma,2026-08-10 05:11:47.384230304,98.54,7,-25.759910984469403,28.757919110278976
SMP_0335,Australia,Beta,2027-11-30 19:58:29.887359200,98.51,7,-33.94097366707242,151.4133635577571
SMP_0336,Japan,Sigma,2026-06-30 23:54:35.594493120,97.88,23,35.889875553396784,139.99044109495554
SMP_0337,Japan,Omicron,2029-06-05 20:39:56.996245312,99.64,18,34.63988479078482,135.43056002287761
SMP_0338,Australia,Mu,2025-05-29 19:42:16.670838560,98.57,7,-33.82938964568244,150.56547513773882
SMP_0339,Canada,Delta,2025-11-01 16:11:24.856070080,98.33,14,44.111018214063094,-79.70811167909501
SMP_0340,Brazil,Mu,2028-09-12 09:38:31.389236544,98.76,16,-15.75331725165571,-47.7103842551685
SMP_0341,USA,Beta,2024-02-17 06:14:52.115143936,98.68,7,40.17173214906792,-73.51257368875503
SMP_0342,Australia,Gamma,2023-10-04 12:24:19.824780976,99.3,9,-33.96789262681531,150.96605430326383
SMP_0343,USA,Delta,2021-10-10 13:14:47.609511888,99.98,6,33.581424326583786,-117.95812966515246
SMP_0344,USA,Sigma,2024-02-22 06:54:31.088861072,99.28,18,34.22831464776357,-118.12332836814109
SMP_0345,Canada,Omega,2030-11-30 20:02:06.157697152,99.57,20,42.95422094151188,-78.95004284355532
SMP_0346,Australia,Omicron,2024-05-02 16:09:36.720901120,98.67,10,-37.795351364571744,145.0182844271617
SMP_0347,India,Mu,2025-09-02 08:15:37.171464320,98.97,12,19.51031670300774,72.87648703379968
SMP_0348,USA,Lambda,2024-05-02 16:09:36.720901120,99.85,10,40.52917234820306,-73.84336316167004
SMP_0349,Australia,Mu,2021-12-14 21:50:14.267834792,99.13,12,-37.95419965816579,144.64006789975318
SMP_0350,Japan,Lambda,2027-11-25 19:18:50.913642048,99.71,13,34.89144033962817,135.31993715288692
SMP_0351,Brazil,Zeta,2027-03-14 09:36:43.254067584,98.38,25,-23.55260783237125,-47.022660696659365
SMP_0352,Australia,Omicron,2029-11-08 17:09:05.181476864,99.07,8,-37.90937605230831,144.45073906607004
SMP_0353,Brazil,Zeta,2025-05-04 16:24:01.802252832,98.74,14,-23.23758982845917,-46.81851656221347
SMP_0354,USA,Epsilon,2023-09-29 11:44:40.851063824,99.12,16,41.74001678322355,-87.70994670034541
SMP_0355,Canada,Zeta,2025-09-22 10:54:13.066332928,99.26,14,43.96698924632828,-79.57872010873955
SMP_0356,Brazil,Sigma,2028-08-13 05:40:37.546933664,98.73,16,-23.71046537079156,-46.31584544357576
SMP_0357,Russia,Beta,2024-12-24 23:13:08.485607008,98.26,12,56.26334918052742,37.7490292225592
SMP_0358,USA,Alpha,2030-03-14 09:40:19.524405504,99.29,9,41.452633038342185,-88.12564134936869
SMP_0359,South Africa,Sigma,2021-05-12 17:25:18.397997496,99.24,20,-25.909827639717573,27.97363614649148
SMP_0360,Russia,Beta,2029-10-14 13:50:50.312891136,98.85,15,60.42369394374547,30.657107212892605
SMP_0361,India,Delta,2026-03-22 10:41:36.120150176,98.38,6,13.206037710974737,80.16611534698757
SMP_0362,Brazil,Zeta,2029-03-12 09:25:54.443053824,99.38,18,-23.843639353945388,-46.125559758088414
SMP_0363,Germany,Sigma,2026-05-21 18:37:23.804755936,99.01,21,52.964817244606515,13.411185733670708
SMP_0364,Brazil,Zeta,2028-10-22 14:55:43.178973728,99.54,20,-23.266020323999232,-47.048839851894755
SMP_0365,Australia,Beta,2028-09-07 08:58:52.415519392,98.04,16,-37.36019100701777,144.7781502191903
SMP_0366,UK,Omega,2028-04-14 13:49:02.177722144,98.54,12,51.13293082795562,-0.1666542017434521
SMP_0367,Japan,Epsilon,2026-01-16 02:06:09.461827296,99.5,17,35.07988781267096,135.26254899868042
SMP_0368,UK,Zeta,2028-01-10 01:15:41.677096384,99.22,17,53.335596652915896,-2.3448778642050336
SMP_0369,India,Gamma,2030-09-01 08:08:24.630788480,98.68,7,27.887279511771467,76.96701686273992
SMP_0370,Germany,Mu,2021-08-16 05:58:38.898623280,97.65,18,52.633264340311115,13.700703484566448
SMP_0371,Australia,Theta,2030-11-10 17:23:30.262828544,97.64,12,-37.772645377776534,144.65318083202297
SMP_0372,Japan,Alpha,2029-12-03 20:27:20.050062592,98.86,11,36.15261427036481,140.42143651009172
SMP_0373,Japan,Mu,2022-07-19 02:15:10.137672096,99.02,10,35.22759472060722,135.34221709927266
SMP_0374,Japan,Zeta,2021-12-14 21:50:14.267834792,99.32,20,35.729971623250776,139.64520140471814
SMP_0375,Brazil,Alpha,2027-05-28 19:31:27.859824768,99.26,7,-23.20531129825213,-46.62257178380019
SMP_0376,South Africa,Theta,2022-12-26 23:23:57.296620784,98.47,18,-26.535283307211976,27.398415868051092
SMP_0377,South Africa,Delta,2026-03-07 08:42:39.198998752,99.77,11,-25.814462117823595,28.12059373454842
SMP_0378,South Africa,Theta,2024-05-17 18:08:33.642052560,98.34,14,-25.653602751258045,27.972227818388834
SMP_0379,South Africa,Delta,2030-01-08 01:04:52.866082624,99.7,13,-26.43839304733707,28.58386180320955
SMP_0380,India,Sigma,2027-09-16 10:03:45.281602016,98.89,15,28.271876719034058,77.13003019685482
SMP_0381,UK,Sigma,2025-06-18 22:20:52.565707136,99.24,12,53.75424787374288,-2.0106795130402415
SMP_0382,Canada,Lambda,2020-08-09 05:04:34.843554444,98.71,10,44.04445152423766,-79.34544552551104
SMP_0383,Russia,Omicron,2020-05-10 17:10:53.316645808,98.29,8,55.733636677478614,37.750774735688424
SMP_0384,India,Delta,2028-01-25 03:14:38.598247808,98.49,16,18.794285240693153,73.20509045534664
SMP_0385,South Africa,Sigma,2022-10-07 12:49:33.717146432,98.53,9,-34.52392017045966,18.427771740300543
SMP_0386,India,Gamma,2026-07-16 01:53:32.515644544,99.25,11,28.90314642671851,77.4370377566389
SMP_0387,South Africa,Sigma,2030-07-23 02:51:12.841051328,99.85,19,-26.5861109857822,27.86384899221097
SMP_0388,Russia,Theta,2023-05-01 15:55:11.639549440,99.63,16,55.51416299608887,38.069233733598836
SMP_0389,UK,Sigma,2029-12-13 21:46:37.997496896,99.77,16,51.16600265998553,-0.6478389688076982
SMP_0390,India,Gamma,2021-04-07 12:47:45.581977472,98.29,13,28.636543385701017,76.74730122620193
SMP_0391,USA,Sigma,2020-11-02 16:18:37.396745932,98.56,13,40.62600295591961,-73.91619719832647
SMP_0392,Australia,Theta,2025-03-30 11:46:28.986232800,99.12,13,-33.83217299959243,151.19731777767564
SMP_0393,Australia,Alpha,2027-12-30 23:56:23.729662080,98.3,12,-38.12421347893092,144.4506084310138
SMP_0394,USA,Sigma,2021-11-04 16:33:02.478097624,99.48,9,40.65295010496065,-74.05293034998307
SMP_0395,Japan,Lambda,2020-11-07 16:58:16.370463080,99.88,14,34.78307939331549,135.40122802491925
SMP_0396,Canada,Lambda,2029-10-29 15:49:47.234042560,98.91,12,43.708259413607074,-79.44530331984328
SMP_0397,Germany,Sigma,2020-09-18 10:21:46.633291616,99.44,15,48.215569612434116,11.430826614105627
SMP_0398,Japan,Omicron,2026-05-11 17:18:05.857321664,98.64,15,34.73789791462132,135.70579332014603
SMP_0399,USA,Sigma,2026-08-10 05:11:47.384230304,98.89,14,34.443498984870736,-117.90351926272812
SMP_0400,Brazil,Omega,2025-05-14 17:43:19.749687104,99.44,13,-15.973382347557191,-47.9487255122601
SMP_0401,Canada,Lambda,2030-07-08 00:52:15.919899904,98.99,18,43.90195499636083,-79.16118210445632
SMP_0402,South Africa,Delta,2023-04-21 14:35:53.692115152,99.31,9,-26.37495300405716,28.273658598919884
SMP_0403,USA,Zeta,2028-06-03 20:25:31.914893632,98.8,17,40.48472329915584,-73.4529645210443
SMP_0404,Canada,Omega,2024-02-07 04:55:34.167709632,98.44,18,44.237248484236915,-79.15826798313157
SMP_0405,Canada,Beta,2026-04-26 15:19:08.936170208,99.08,11,43.48596735363057,-78.82116573069104
SMP_0406,Brazil,Omicron,2026-04-11 13:20:12.015018784,98.3,13,-23.520711995193633,-46.882694957525615
SMP_0407,Brazil,Theta,2025-08-28 07:35:58.197747200,99.13,15,-23.302470880963313,-46.973928318753316
SMP_0408,UK,Sigma,2023-07-21 02:29:35.219023776,98.68,13,51.058635113487114,0.17617020580999912
SMP_0409,Russia,Gamma,2021-01-22 02:53:00.976220276,99.59,11,59.94821971290329,29.878404405690468
SMP_0410,India,Alpha,2021-02-06 04:51:57.897371716,99.04,18,18.939090482677738,73.12023220797577
SMP_0411,India,Sigma,2020-10-23 14:59:19.449311640,100.15,18,13.619272921567207,80.40785605666986
SMP_0412,UK,Beta,2021-12-09 21:10:35.294117648,98.4,19,53.54387001623891,-2.019637134854016
SMP_0413,Japan,Beta,2023-08-25 07:07:08.035043808,98.66,16,35.801801552986426,139.25339417947086
SMP_0414,India,Mu,2020-04-25 15:11:56.395494368,99.92,17,18.881320771363878,73.31062967748716
SMP_0415,India,Gamma,2030-05-03 16:16:49.261576960,99.05,8,19.341948444378527,73.05207517726542
SMP_0416,Germany,Omicron,2025-07-09 00:59:28.460575712,98.95,13,52.69879904626713,13.52804201251067
SMP_0417,UK,Sigma,2029-08-20 06:34:41.602002496,98.01,17,53.7259994819775,-2.429882908356685
SMP_0418,Germany,Beta,2028-02-19 06:32:53.466833536,99.64,12,52.8121018182608,13.463964438587269
SMP_0419,Canada,Beta,2030-11-20 18:42:48.210262848,99.95,8,45.69753560952119,-73.54710725523984
SMP_0420,South Africa,Lambda,2024-08-31 08:01:12.090112640,98.2,11,-34.647566189973396,18.648856625533924
SMP_0421,Brazil,Theta,2025-12-01 20:09:18.698372960,99.37,14,-23.774534392939938,-46.749305291564156
SMP_0422,UK,Lambda,2025-01-24 03:11:02.327909888,99.32,14,53.594874517295885,-1.9610531854821964
SMP_0423,USA,Mu,2024-09-05 08:40:51.063829792,98.96,11,41.056360451461174,-74.15343501881836
SMP_0424,UK,Lambda,2028-04-04 12:29:44.230287872,98.84,12,54.08107786524513,-2.023201019138735
SMP_0425,South Africa,Omicron,2027-12-25 23:16:44.755944928,99.53,16,-26.353495135078507,27.754941610493766
SMP_0426,India,Beta,2023-05-06 16:34:50.613266592,98.93,7,12.929524778207691,79.78923323652724
SMP_0427,Russia,Gamma,2023-10-14 13:43:37.772215264,99.36,8,59.85493038844121,29.934092514605602
SMP_0428,UK,Mu,2027-06-02 20:11:06.833541920,98.34,16,51.52454815606409,-0.38208475862725955
SMP_0429,USA,Omicron,2023-08-10 05:08:11.113892368,100.01,9,42.10578439772249,-87.27798806677303
SMP_0430,Brazil,Epsilon,2029-07-11 01:17:29.812265344,98.45,21,-23.046925029152707,-46.24203411678016
SMP_0431,USA,Epsilon,2028-09-22 10:57:49.336670848,98.94,22,34.38199834317585,-118.23187952056229
SMP_0432,Canada,Alpha,2030-12-05 20:41:45.131414272,99.15,11,43.877000471815364,-79.2876860908198
SMP_0433,UK,Alpha,2020-07-10 01:06:41.001251564,98.3,9,51.73432961921848,-0.38473114713163314
SMP_0434,South Africa,Delta,2024-08-01 04:03:18.247809760,99.61,7,-26.399540052161946,27.4603450549256
SMP_0435,Germany,Zeta,2024-03-13 09:33:06.983729664,98.9,23,52.51663493034824,13.936502357268706
SMP_0436,Canada,Gamma,2024-01-18 02:16:58.272841056,99.6,15,43.4818390882358,-79.50839198541823
SMP_0437,Australia,Alpha,2027-07-13 01:28:18.623279104,99.16,12,-33.639450904904656,150.7060143339406
SMP_0438,India,Omicron,2024-02-12 05:35:13.141426784,98.33,15,29.06033032170757,77.26405913016814
SMP_0439,Canada,Epsilon,2029-07-06 00:37:50.838548160,99.34,18,45.57195220789996,-73.48677994865938
SMP_0440,Russia,Sigma,2023-05-01 15:55:11.639549440,98.01,12,55.8645824484155,37.58799559388543
SMP_0441,Brazil,Beta,2024-01-13 01:37:19.299123904,99.47,16,-15.699396062447411,-47.39690571878019
SMP_0442,Brazil,Gamma,2022-01-09 01:08:29.136420528,98.82,8,-23.827965201047043,-46.5039999933528
SMP_0443,Russia,Alpha,2025-06-28 23:40:10.513141440,99.32,12,59.89138931408228,30.698495416769095
SMP_0444,Australia,Omega,2025-11-11 17:30:42.803504384,99.15,17,-33.70248260846866,150.9797278424265
SMP_0445,Germany,Mu,2025-01-24 03:11:02.327909888,98.87,6,52.16766153030831,13.940841963810977
SMP_0446,Canada,Theta,2024-02-17 06:14:52.115143936,99.28,20,45.844926059639,-73.83035272544303
SMP_0447,Russia,Zeta,2030-06-22 22:53:18.998748416,100.19,12,55.30224821952559,37.55841230562415
SMP_0448,Germany,Gamma,2027-01-28 03:39:52.490613280,99.12,11,47.90550270300706,11.297059666292634
SMP_0449,Australia,Sigma,2021-07-12 01:21:06.082603256,98.55,9,-33.62991786870671,151.03004134463137
SMP_0450,Brazil,Lambda,2025-09-12 09:34:55.118898624,98.87,14,-23.342204953956116,-45.80103084819332
SMP_0451,USA,Beta,2024-07-07 00:45:03.379224032,98.55,8,41.826265818069,-87.72980867086488
SMP_0452,South Africa,Delta,2025-09-07 08:55:16.145181472,98.42,11,-34.46243584523375,18.49890397179418
SMP_0453,Brazil,Sigma,2030-04-03 12:18:55.419274112,99.13,23,-16.08654025700598,-47.44930156139505
SMP_0454,USA,Lambda,2030-08-07 04:50:09.762202752,99.83,12,41.847124912457424,-87.81051428180857
SMP_0455,Canada,Mu,2020-12-02 20:16:31.239048812,97.78,13,43.27206099634059,-79.32163922284434
SMP_0456,South Africa,Gamma,2026-09-29 11:48:17.121401760,98.54,12,-26.280374391672993,27.781048836973856
SMP_0457,UK,Delta,2030-07-23 02:51:12.841051328,98.88,9,53.385754854466164,-1.9356783069730703
SMP_0458,Russia,Omicron,2027-05-08 16:52:51.964956192,98.68,12,55.51589297748483,38.00824021042642
SMP_0459,Japan,Sigma,2027-08-22 06:45:30.413016288,99.23,13,34.672929492350086,135.31052014698065
SMP_0460,Germany,Delta,2023-08-15 05:47:50.087609520,99.33,19,52.729635138650075,13.336695761939616
SMP_0461,Australia,Zeta,2029-04-06 12:44:09.311639552,98.99,15,-33.32715490139366,151.37575971067875
SMP_0462,Brazil,Beta,2025-03-25 11:06:50.012515648,99.6,13,-23.783719331739718,-47.038089616877194
SMP_0463,South Africa,Omega,2028-02-14 05:53:14.493116384,98.54,24,-26.323310893439384,28.204794993248125
SMP_0464,South Africa,Alpha,2020-08-04 04:24:55.869837296,98.82,9,-26.28173711784487,28.06306083642067
SMP_0465,Canada,Zeta,2029-09-19 10:32:35.444305408,99.26,11,45.70262632084761,-73.3540499970671
SMP_0466,Australia,Beta,2024-03-08 08:53:28.010012512,98.63,7,-37.84933096274208,145.1451879606239
SMP_0467,Australia,Omicron,2030-12-15 22:01:03.078848576,98.98,16,-37.930543923695126,144.8658970971116
SMP_0468,Russia,Theta,2029-03-02 08:06:36.495619520,98.84,14,55.84320892710057,37.40802710047141
SMP_0469,USA,Lambda,2022-04-04 12:22:31.689612016,99.06,10,33.821835204528945,-118.16590685546024
SMP_0470,India,Lambda,2020-01-11 01:19:17.947434292,98.71,10,28.90357136141924,77.207932741433
SMP_0471,Canada,Zeta,2024-01-23 02:56:37.246558192,100.33,13,45.273693594843294,-73.69257519788862
SMP_0472,Brazil,Delta,2030-07-28 03:30:51.814768448,98.95,8,-16.063903665024526,-48.23700219040776
SMP_0473,Germany,Alpha,2024-07-07 00:45:03.379224032,98.24,6,48.03031462770499,12.041127400152426
SMP_0474,India,Delta,2030-04-23 14:57:31.314142656,98.44,13,13.162248755058965,80.36638415624904
SMP_0475,USA,Theta,2026-09-04 08:30:02.252816032,99.59,19,40.3767297190083,-74.16798950016357
SMP_0476,South Africa,Omega,2025-11-11 17:30:42.803504384,99.38,14,-33.78291294629973,18.75722251409599
SMP_0477,UK,Omega,2027-07-08 00:48:39.649561952,98.89,13,53.437661980258305,-2.2215918812497524
SMP_0478,South Africa,Beta,2029-12-13 21:46:37.997496896,99.02,13,-33.871057953334116,18.450474427682543
SMP_0479,India,Delta,2022-02-03 04:26:44.005006256,98.13,13,18.624976663878655,73.25049501438588
SMP_0480,South Africa,Gamma,2022-08-03 04:14:07.058823536,98.57,14,-33.56678165638221,18.160712898182116
SMP_0481,Japan,Beta,2024-06-21 22:46:06.458072592,99.08,14,35.8116871429604,139.65269593467676
SMP_0482,Russia,Omega,2020-05-15 17:50:32.290362954,98.99,15,59.929263313262766,30.708159455292126
SMP_0483,Japan,Beta,2026-11-18 18:24:46.858573216,99.59,7,33.7829633340296,135.3819194962966
SMP_0484,USA,Omicron,2026-10-14 13:47:14.042553184,98.98,8,42.1581208082057,-87.11770798326211
SMP_0485,Japan,Zeta,2020-01-16 01:58:56.921151439,98.28,10,34.60114732171304,135.78002348288737
SMP_0486,Australia,Alpha,2026-07-06 00:34:14.568210272,98.75,9,-37.55911142636713,144.47424980181765
SMP_0487,Australia,Theta,2030-11-20 18:42:48.210262848,99.38,12,-33.706347042713155,151.2092747104655
SMP_0488,Australia,Omicron,2022-11-11 17:27:06.533166464,99.47,8,-37.88007135725149,145.24006867753877
SMP_0489,Germany,Beta,2026-03-07 08:42:39.198998752,99.44,11,48.5439118262546,11.528467048333752
SMP_0490,Canada,Omega,2024-07-17 02:04:21.326658320,99.28,14,45.92205308843468,-73.67042190823301
SMP_0491,Australia,Delta,2029-03-12 09:25:54.443053824,98.51,8,-33.410504417711984,151.5339834335162
SMP_0492,Japan,Sigma,2022-01-24 03:07:26.057571968,99.84,15,35.45945440502133,139.63433194029983
SMP_0493,Canada,Omega,2022-10-27 15:28:09.612015024,99.9,20,45.7986395194039,-73.24317985048958
SMP_0494,Brazil,Mu,2026-12-08 21:03:22.753441792,100.19,10,-15.696647522959196,-48.138143595805836
SMP_0495,USA,Zeta,2024-04-17 14:10:39.799749696,99.77,13,40.43622601148877,-74.19889450315054
SMP_0496,India,Theta,2026-01-11 01:26:30.488110144,98.81,17,13.01068116157503,79.84433395255468
SMP_0497,Canada,Epsilon,2021-01-07 00:54:04.055068836,99.53,11,43.50697894406083,-78.89992935603799
SMP_0498,Germany,Zeta,2024-06-01 20:07:30.563204000,98.75,16,48.34140313643313,11.317847151325758
SMP_0499,UK,Sigma,2026-09-29 11:48:17.121401760,98.99,14,53.36883875629339,-1.8338330516283035
SMP_0500,Japan,Epsilon,2021-07-17 02:00:45.056320400,98.81,20,34.66974927300981,135.39656299397396
SMP_0501,Australia,Alpha,2022-12-06 20:45:21.401752192,98.26,12,-37.7853317525556,145.43338501615827
SMP_0502,Brazil,Beta,2024-07-22 02:44:00.300375472,98.53,15,-23.851525886977697,-46.820364874412675
SMP_0503,India,Mu,2028-12-16 22:11:51.889862336,99.52,15,18.900592916427062,72.41870318468735
SMP_0504,Brazil,Delta,2020-04-05 12:33:20.500625782,99.62,10,-23.74879399448339,-46.36716230810623
SMP_0505,Brazil,Sigma,2027-10-06 12:42:21.176470592,100.33,12,-24.13215496359728,-46.87585289564445
SMP_0506,Canada,Omicron,2021-04-27 15:26:21.476846056,99.56,12,42.972805568565356,-79.4354862348811
SMP_0507,South Africa,Sigma,2025-06-03 20:21:55.644555712,99.08,14,-33.29668031819865,18.136625318668795
SMP_0508,Canada,Theta,2024-05-17 18:08:33.642052560,98.54,15,45.138431711569936,-73.5284915985342
SMP_0509,Russia,Zeta,2028-05-29 19:45:52.941176480,98.09,16,56.165083618529565,37.37435080395925
SMP_0510,USA,Mu,2026-11-08 17:05:28.911138912,99.5,8,33.74445581854852,-118.34759942967443
SMP_0511,South Africa,Omicron,2020-09-03 08:22:49.712140176,99.41,16,-25.905155130745673,28.00497831823393
SMP_0512,Russia,Delta,2028-11-11 17:34:19.073842304,98.71,15,55.41356929945238,37.7753253925609
SMP_0513,USA,Zeta,2025-03-10 09:07:53.091364192,99.63,14,41.33009148204421,-87.69646898356325
SMP_0514,India,Theta,2020-10-03 12:20:43.554443056,99.55,10,12.915359523326591,80.4887510916384
SMP_0515,Russia,Beta,2029-04-21 14:43:06.232790976,98.75,7,56.00760878030288,38.28253299863099
SMP_0516,South Africa,Zeta,2020-05-30 19:49:29.211514394,99.8,16,-33.89816533653414,18.22514885439281
SMP_0517,Canada,Beta,2029-01-16 02:09:45.732165216,99.4,12,46.10301209365589,-73.72111113738552
SMP_0518,Russia,Omicron,2029-09-24 11:12:14.418022528,100.04,25,55.71519074165775,37.78936044192741
SMP_0519,Brazil,Alpha,2021-06-26 23:22:09.161451816,98.92,11,-23.414702303568475,-46.67327662949988
SMP_0520,India,Theta,2022-09-07 08:51:39.874843552,100.01,18,28.550297707750513,77.55659910191171
SMP_0521,USA,Alpha,2022-06-13 21:37:37.321652064,99.0,6,34.129489025210134,-118.07728357187037
SMP_0522,Japan,Sigma,2029-08-05 04:35:44.680851072,99.2,17,34.527037853757015,135.54817877959508
SMP_0523,Australia,Zeta,2028-11-16 18:13:58.047559456,100.66,19,-37.655687169035595,145.3140097227446
SMP_0524,Germany,Omega,2023-10-09 13:03:58.798498128,98.61,13,47.899675518744864,11.467166784283833
SMP_0525,Germany,Beta,2026-11-23 19:04:25.832290368,99.44,11,48.14351147399159,11.499560621603074
SMP_0526,South Africa,Omicron,2022-09-17 10:10:57.822277856,99.06,7,-33.54335121749142,18.633944345861686
SMP_0527,Germany,Theta,2029-10-04 12:31:32.365456832,99.67,12,52.61309741411554,12.889517874077132
SMP_0528,Russia,Omicron,2022-08-03 04:14:07.058823536,98.95,11,59.67938780413626,30.296912491597812
SMP_0529,South Africa,Delta,2022-04-19 14:21:28.610763456,99.05,8,-25.826217714273984,27.763396030625742
SMP_0530,Canada,Delta,2024-07-07 00:45:03.379224032,97.5,16,45.30426521395198,-74.04883295334982
SMP_0531,UK,Omega,2020-02-20 06:36:29.737171464,99.2,17,51.24226787853745,-0.6729561342696498
SMP_0532,South Africa,Gamma,2021-10-30 15:53:23.504380480,97.77,10,-25.883668998621605,27.52198554260092
SMP_0533,Brazil,Alpha,2024-12-14 21:53:50.538172704,100.22,7,-15.812407567099923,-47.69593934239781
SMP_0534,India,Theta,2025-06-08 21:01:34.618272832,98.59,16,28.117728322522463,77.2352600022925
SMP_0535,Australia,Mu,2027-04-28 15:33:34.017521920,99.2,18,-37.90555780038478,145.7689065004546
SMP_0536,South Africa,Mu,2021-09-20 10:36:11.714643304,99.11,10,-34.03555335135997,18.219208700578694
SMP_0537,India,Omega,2029-11-13 17:48:44.155193984,99.53,22,18.948268865100903,72.67031972806949
SMP_0538,Australia,Omicron,2027-11-30 19:58:29.887359200,99.37,13,-34.2544420876347,151.38292698239914
SMP_0539,USA,Beta,2022-11-01 16:07:48.585732160,98.89,12,34.154427051329684,-118.06432083698779
SMP_0540,Canada,Theta,2021-04-17 14:07:03.529411768,98.43,14,43.39689911613135,-79.30454029439565
SMP_0541,Russia,Gamma,2023-04-21 14:35:53.692115152,99.57,7,55.8233351082857,37.84782058598881
SMP_0542,India,Alpha,2030-01-08 01:04:52.866082624,99.11,15,28.65501579320829,77.13337010427932
SMP_0543,USA,Omicron,2027-11-05 16:40:15.018773472,98.67,13,41.46821440982267,-87.98716611337639
SMP_0544,Japan,Mu,2023-02-25 07:19:44.981226528,98.91,24,35.71444423841726,139.1380571094134
SMP_0545,India,Omicron,2020-02-25 07:16:08.710888611,98.9,16,28.36843482851251,77.25726906608348
SMP_0546,South Africa,Mu,2026-07-21 02:33:11.489361696,98.37,11,-26.19936293037022,27.82657601570121
SMP_0547,Japan,Epsilon,2021-04-12 13:27:24.555694616,98.21,15,36.109101511936885,139.88459577884572
SMP_0548,UK,Zeta,2030-04-03 12:18:55.419274112,98.92,19,53.12148547125399,-2.3101131918658653
SMP_0549,Australia,Beta,2025-11-26 19:29:39.724655808,97.81,14,-33.74768094607958,151.29544750632587
SMP_0550,Japan,Omicron,2030-03-09 09:00:40.550688384,98.47,10,34.74253214624423,135.67569566943072
SMP_0551,Russia,Zeta,2030-09-21 10:47:00.525657088,98.41,11,60.12006371796484,30.40223447375235
SMP_0552,Australia,Alpha,2028-05-14 17:46:56.020025024,99.81,12,-33.79752397990418,150.60662399617235
SMP_0553,UK,Omega,2025-10-02 12:13:31.013767200,99.26,20,51.36845259069529,0.12192743170060422
SMP_0554,Australia,Zeta,2027-08-22 06:45:30.413016288,99.09,15,-38.027918514870485,144.57777669325438
SMP_0555,India,Theta,2030-05-08 16:56:28.235294144,98.37,17,13.063257166125414,79.90133313770023
SMP_0556,Japan,Alpha,2024-11-24 19:15:14.643304128,97.8,16,34.66655163974012,135.16079561810292
SMP_0557,India,Alpha,2028-07-14 01:42:43.704630784,98.63,12,18.616660094038284,73.02760400648108
SMP_0558,Brazil,Omega,2025-10-12 13:32:48.961201504,97.87,12,-15.669216808014921,-48.20347791364106
SMP_0559,Australia,Alpha,2020-01-21 02:38:35.894868585,99.55,14,-38.33966458266617,144.7665834051109
SMP_0560,India,Sigma,2029-05-31 20:00:18.022528192,99.37,16,12.986284920316873,80.69892788285186
SMP_0561,Canada,Beta,2026-03-27 11:21:15.093867328,98.99,12,43.69214842588026,-79.38908716404701
SMP_0562,India,Mu,2026-05-01 15:58:47.909887360,98.01,6,28.62974214751799,77.20150250411866
SMP_0563,Brazil,Gamma,2029-12-03 20:27:20.050062592,98.49,18,-16.201504448368556,-48.2421257290789
SMP_0564,India,Delta,2024-04-27 15:29:57.747183984,99.25,13,12.89352535396949,79.74500611048944
SMP_0565,Brazil,Zeta,2021-03-13 09:29:30.713391744,99.15,15,-15.37434584857061,-47.479144594899815
SMP_0566,UK,Delta,2023-05-31 19:53:05.481852320,98.31,11,53.134781910172066,-2.5279657379214555
SMP_0567,India,Epsilon,2025-05-24 19:02:37.697121408,99.44,16,28.58391764514384,77.00922967742102
SMP_0568,Canada,Theta,2030-07-03 00:12:36.946182720,98.8,17,43.53383715964874,-79.59851184828052
SMP_0569,Canada,Epsilon,2030-07-28 03:30:51.814768448,98.71,20,45.7781483594504,-73.42211667980693
SMP_0570,Germany,Beta,2028-04-19 14:28:41.151439296,98.39,18,48.43156169843598,11.564025385551028
SMP_0571,Russia,Delta,2030-11-15 18:03:09.236545664,100.09,12,60.025471717656714,30.00575823335664
SMP_0572,USA,Gamma,2026-09-14 09:49:20.200250304,99.06,10,40.5254690352461,-74.27494171016795
SMP_0573,South Africa,Zeta,2022-07-19 02:15:10.137672096,99.8,16,-25.938835888799147,27.165690441074343
SMP_0574,Russia,Beta,2020-04-30 15:51:35.369211514,99.07,15,60.435195757267834,29.996290070171312
SMP_0575,UK,Theta,2021-11-24 19:11:38.372966208,98.12,25,53.34773470649088,-1.8749493182940478
SMP_0576,Japan,Beta,2023-11-28 19:40:28.535669584,99.56,11,35.42927797483163,140.16562127995945
SMP_0577,Australia,Omicron,2024-03-28 11:32:03.904881104,99.11,9,-33.441229682244284,151.0072904295737
SMP_0578,Japan,Lambda,2030-05-08 16:56:28.235294144,99.78,12,35.65058218348778,139.5282967078218
SMP_0579,USA,Omicron,2023-01-31 04:01:30.112640800,98.17,8,41.748865715013906,-87.79369768942034
SMP_0580,UK,Beta,2021-08-16 05:58:38.898623280,98.18,10,51.430158415263335,-0.41532933483367107
SMP_0581,Brazil,Gamma,2027-10-21 14:41:18.097622016,99.65,10,-15.438464518326583,-48.204858390141005
SMP_0582,South Africa,Beta,2030-04-08 12:58:34.392991232,97.31,16,-25.562409070331828,28.44321110576821
SMP_0583,Japan,Sigma,2027-05-23 18:51:48.886107648,99.42,15,36.213572595697535,140.0022289036667
SMP_0584,Germany,Gamma,2021-02-16 06:11:15.844806008,98.04,11,48.23535284297933,11.644959799446891
SMP_0585,Brazil,Zeta,2023-07-21 02:29:35.219023776,98.6,15,-15.71796604421064,-47.54668823702743
SMP_0586,USA,Sigma,2024-02-02 04:15:55.193992496,98.12,15,34.010986608135894,-118.42635319142657
SMP_0587,Canada,Omicron,2028-10-12 13:36:25.231539424,99.36,12,44.14978745372038,-79.42079475717168
SMP_0588,UK,Beta,2020-04-25 15:11:56.395494368,99.41,10,53.0772721334772,-1.7638591121221823
SMP_0589,Australia,Zeta,2023-01-16 02:02:33.191489360,99.62,17,-33.989267951785905,151.6866171517375
SMP_0590,Canada,Alpha,2020-09-28 11:41:04.580725908,99.67,16,43.792876114071234,-79.70073782214413
SMP_0591,South Africa,Omicron,2023-02-15 06:00:27.033792240,98.51,12,-26.5605524915482,27.62422516546949
SMP_0592,Japan,Lambda,2027-12-15 21:57:26.808510656,97.74,9,35.86581348712737,139.84588002342548
SMP_0593,Japan,Delta,2021-03-18 10:09:09.687108888,98.48,10,35.97507168023565,139.7110316348731
SMP_0594,India,Omicron,2024-04-27 15:29:57.747183984,98.12,14,13.260866344701343,80.6687083889626
SMP_0595,Germany,Omicron,2026-05-01 15:58:47.909887360,99.01,8,48.79654475379196,12.12111819406739
SMP_0596,UK,Omega,2023-12-08 20:59:46.483103888,99.82,18,53.33019280649916,-2.094544670763977
SMP_0597,UK,Beta,2020-01-21 02:38:35.894868585,99.6,13,51.68799543583536,-0.6812619822344446
SMP_0598,USA,Omicron,2028-04-14 13:49:02.177722144,98.32,9,34.03442905041614,-118.35421143388078
SMP_0599,UK,Lambda,2026-10-09 13:07:35.068836032,99.52,15,51.334102045122314,-0.1716737978428286
SMP_0600,USA,Gamma,2030-10-26 15:24:33.341677120,98.64,11,40.708455277572156,-74.07699573176465
SMP_0601,India,Theta,2021-02-11 05:31:36.871088860,99.52,14,19.6514645739268,72.65174912190248
SMP_0602,Germany,Epsilon,2025-02-28 07:48:35.143929920,99.79,16,52.4378399181924,13.479070275276825
SMP_0603,USA,Gamma,2030-07-18 02:11:33.867334144,99.07,10,40.847775485567205,-74.26786774410178
SMP_0604,Canada,Omicron,2027-03-14 09:36:43.254067584,98.44,9,45.35385606354403,-73.13571169395992
SMP_0605,India,Epsilon,2021-05-07 16:45:39.424280352,99.79,17,18.70949122027884,73.0925420993605
SMP_0606,Russia,Theta,2028-08-18 06:20:16.520650816,99.55,19,55.57041798988906,37.224264481161626
SMP_0607,Russia,Epsilon,2025-01-19 02:31:23.354192736,99.69,12,55.40890351033615,37.39006388605377
SMP_0608,India,Omicron,2021-06-21 22:42:30.187734672,98.44,10,12.83926777125444,80.67737058147007
SMP_0609,Australia,Theta,2021-08-31 07:57:35.819774720,97.97,22,-38.32264247530851,144.91086704850898
SMP_0610,India,Theta,2028-08-13 05:40:37.546933664,99.45,13,28.425246776778625,77.4096770447042
SMP_0611,Brazil,Omicron,2022-04-04 12:22:31.689612016,99.18,14,-16.102160269103937,-47.97629237945188
SMP_0612,Germany,Mu,2023-05-11 17:14:29.586983728,99.56,10,47.82212261859159,11.617442103801556
SMP_0613,Australia,Mu,2023-05-31 19:53:05.481852320,100.06,6,-33.997807724272214,151.35454555876575
SMP_0614,Japan,Gamma,2029-03-07 08:46:15.469336704,99.05,9,34.17831187749093,135.83950453139443
SMP_0615,South Africa,Delta,2022-12-26 23:23:57.296620784,98.04,12,-26.553127165217642,27.98165317530141
SMP_0616,Russia,Sigma,2029-07-26 03:16:26.733416768,98.87,18,55.87176908689197,37.46615086632488
SMP_0617,South Africa,Zeta,2029-09-14 09:52:56.470588224,98.83,19,-34.05005129150599,18.368035813856675
SMP_0618,Japan,Delta,2027-10-01 12:02:42.202753440,99.02,7,34.56903886314373,135.71665110732607
SMP_0619,India,Sigma,2029-05-21 18:41:00.075093888,99.17,20,13.3041745101272,80.40641104807763
SMP_0620,Russia,Gamma,2026-05-11 17:18:05.857321664,99.46,16,60.000003569560285,30.52712191839972
SMP_0621,South Africa,Gamma,2021-11-04 16:33:02.478097624,98.25,10,-26.25284418441552,27.976113864450518
SMP_0622,India,Zeta,2020-02-10 05:17:11.789737171,98.91,16,19.157347268606113,72.95324959021787
SMP_0623,USA,Lambda,2030-11-05 16:43:51.289111424,98.33,14,41.6691785521621,-87.48690215492496
SMP_0624,Japan,Zeta,2030-07-08 00:52:15.919899904,99.51,17,35.330295686213184,139.6700206315345
SMP_0625,UK,Omega,2030-06-12 21:34:01.051314176,99.19,12,54.162694173209616,-2.1358281285032277
SMP_0626,UK,Theta,2028-11-01 16:15:01.126408000,97.91,18,53.82862977382548,-2.3832465598428083
SMP_0627,UK,Gamma,2027-08-07 04:46:33.491864832,98.23,11,53.195803845718565,-2.4909723588274524
SMP_0628,UK,Sigma,2020-11-12 17:37:55.344180224,98.41,21,53.46177258885999,-1.4814827091206024
SMP_0629,USA,Alpha,2022-12-21 22:44:18.322903632,98.84,12,40.964339267099916,-73.64899526321813
SMP_0630,Canada,Delta,2027-10-31 16:00:36.045056320,99.29,14,45.47891708640642,-73.49354297076788
SMP_0631,UK,Sigma,2025-03-20 10:27:11.038798496,97.92,14,51.5544885783445,-0.07602205987851092
SMP_0632,Brazil,Delta,2030-03-04 08:21:01.576971200,99.42,9,-16.216728901144947,-47.22648664364048
SMP_0633,Russia,Theta,2024-01-08 00:57:40.325406752,98.54,16,59.99212649864896,30.125916866328026
SMP_0634,Brazil,Theta,2021-07-17 02:00:45.056320400,99.45,12,-15.723683763328546,-47.186347027771234
SMP_0635,Germany,Zeta,2026-11-23 19:04:25.832290368,98.58,13,52.71346073153984,13.15809450529701
SMP_0636,Japan,Mu,2030-01-18 02:24:10.813516928,98.82,11,33.88094021573653,135.42453553900089
SMP_0637,India,Delta,2025-11-26 19:29:39.724655808,98.61,12,18.849588501398372,72.66088122072136
SMP_0638,India,Sigma,2021-09-30 11:55:29.662077600,98.21,14,28.55741433027472,76.92574121278071
SMP_0639,Japan,Beta,2030-10-26 15:24:33.341677120,99.18,9,35.59865982906286,139.91959455893323
SMP_0640,Australia,Sigma,2021-10-05 12:35:08.635794744,99.39,21,-33.81506711509969,151.7005390654648
SMP_0641,South Africa,Sigma,2020-03-26 11:14:02.553191489,99.48,21,-26.601564628034673,28.09642554893063
SMP_0642,Canada,Omega,2023-05-26 19:13:26.508135168,100.26,13,43.37201739085503,-79.06453414217012
SMP_0643,Russia,Lambda,2021-02-01 04:12:18.923654568,98.4,10,60.14754688128283,30.32701416633182
SMP_0644,Brazil,Gamma,2026-08-25 07:10:44.305381728,99.23,10,-14.882529033015677,-47.93427864923143
SMP_0645,Brazil,Alpha,2026-03-07 08:42:39.198998752,98.9,10,-24.178976441405048,-47.04878071777468
SMP_0646,Canada,Sigma,2023-04-21 14:35:53.692115152,99.18,20,45.29245544738718,-73.80508726571067
SMP_0647,UK,Mu,2022-06-23 22:56:55.269086352,98.78,9,53.434387898292364,-1.6906197519479949
SMP_0648,Germany,Lambda,2027-04-03 12:15:19.148936160,98.3,9,47.775704060960116,11.415265863590365
SMP_0649,India,Delta,2021-12-29 23:49:11.188986232,99.13,18,28.8300890216744,77.74693684904705
SMP_0650,Australia,Zeta,2020-03-11 09:15:05.632040050,98.36,11,-33.517622350731735,151.17258412182085
SMP_0651,Canada,Beta,2028-06-08 21:05:10.888610752,99.13,13,45.76875880160093,-73.50844482285221
SMP_0652,UK,Omicron,2025-05-09 17:03:40.775969952,98.83,10,51.72116824098829,-0.37043737137819654
SMP_0653,Japan,Beta,2021-04-27 15:26:21.476846056,98.23,6,35.156732787828346,135.56089439049995
SMP_0654,Canada,Omicron,2026-09-29 11:48:17.121401760,98.53,14,43.069857251406354,-80.41939908922987
SMP_0655,Russia,Lambda,2026-03-12 09:22:18.172715904,99.23,8,55.82549206661921,37.39768406630891
SMP_0656,India,Beta,2026-12-13 21:43:01.727158944,98.44,16,19.061192226006458,72.62499511412989
SMP_0657,Australia,Alpha,2025-09-02 08:15:37.171464320,100.4,12,-38.1890225812655,145.12098005406602
SMP_0658,Russia,Sigma,2030-01-23 03:03:49.787234048,98.69,19,55.97608695261264,37.3128381050105
SMP_0659,South Africa,Lambda,2025-06-08 21:01:34.618272832,99.28,12,-33.38735643650606,18.403172740249847
SMP_0660,India,Mu,2025-09-27 11:33:52.040050080,99.5,8,12.91963324494043,81.01597827907433
SMP_0661,India,Sigma,2021-09-20 10:36:11.714643304,99.42,20,12.810150508247842,79.84397228948475
SMP_0662,UK,Theta,2026-05-21 18:37:23.804755936,98.92,15,53.34433954671109,-2.270653018465172
SMP_0663,USA,Zeta,2029-07-26 03:16:26.733416768,99.11,18,40.743515613935465,-74.31601652592697
SMP_0664,India,Mu,2029-10-29 15:49:47.234042560,98.16,13,13.131006375421206,80.14159093339502
SMP_0665,Russia,Delta,2021-01-22 02:53:00.976220276,98.99,17,59.847796228496776,30.145003192650904
SMP_0666,Germany,Beta,2024-05-22 18:48:12.615769712,98.69,11,52.34779170636643,13.46185768771755
SMP_0667,Japan,Alpha,2020-11-27 19:36:52.265331664,99.23,15,35.80905955561208,140.13714989952368
SMP_0668,Brazil,Sigma,2027-06-12 21:30:24.780976224,99.0,19,-23.38815770182753,-46.20170828684244
SMP_0669,Brazil,Alpha,2020-06-09 21:08:47.158948686,99.11,7,-16.002768591768543,-47.45928455143634
SMP_0670,India,Gamma,2024-02-27 07:34:10.062578224,99.06,6,19.094928171783454,72.82717566669876
SMP_0671,Germany,Mu,2029-01-21 02:49:24.705882368,99.0,12,47.84501246639722,11.540479093928852
SMP_0672,India,Delta,2020-07-30 03:45:16.896120152,98.42,15,18.931217660324172,72.78220151090294
SMP_0673,UK,Theta,2026-02-20 06:43:42.277847296,98.83,15,53.347661389982015,-2.325308054416691
SMP_0674,Russia,Sigma,2025-11-26 19:29:39.724655808,99.49,15,59.79586920720531,30.612857197101636
SMP_0675,Australia,Zeta,2023-01-21 02:42:12.165206512,99.29,19,-37.23804495863828,145.33596741799997
SMP_0676,India,Omicron,2024-03-03 08:13:49.036295376,99.31,12,13.224131141335892,79.49553173056442
SMP_0677,South Africa,Theta,2024-03-28 11:32:03.904881104,99.5,13,-34.42802676395772,19.05442648678628
SMP_0678,Canada,Epsilon,2022-10-07 12:49:33.717146432,98.71,17,45.76842285146411,-73.82775252513461
SMP_0679,Germany,Sigma,2020-07-10 01:06:41.001251564,100.28,25,48.52072293958137,11.594398507308817
SMP_0680,USA,Alpha,2023-06-25 23:11:20.350438048,97.71,19,41.68632811628218,-88.0287627944764
SMP_0681,Canada,Mu,2030-07-03 00:12:36.946182720,97.75,10,43.50323056905763,-79.6161240690275
SMP_0682,Russia,Beta,2029-05-16 18:01:21.101376704,99.05,8,59.74681835468544,30.74376193662851
SMP_0683,Canada,Sigma,2026-11-13 17:45:07.884856064,96.92,11,43.59767144586699,-79.41294389916801
SMP_0684,Canada,Epsilon,2029-01-31 04:08:42.653316640,99.07,18,45.187193514319524,-73.60446067167285
SMP_0685,Russia,Gamma,2022-04-09 13:02:10.663329160,98.91,15,60.32629936753499,30.22358876192784
SMP_0686,Russia,Alpha,2023-04-16 13:56:14.718398000,98.89,10,60.194611424006574,30.180520780983596
SMP_0687,USA,Gamma,2021-07-27 03:20:03.003754696,98.85,10,41.0443823705928,-74.06009687336501
SMP_0688,Brazil,Theta,2026-08-30 07:50:23.279098880,99.0,13,-22.921744576834918,-46.69571113179255
SMP_0689,Canada,Beta,2024-07-07 00:45:03.379224032,99.99,17,43.55060016927685,-79.19598503039937
SMP_0690,Germany,Sigma,2024-03-13 09:33:06.983729664,98.07,15,48.122087358708555,11.748190526188845
SMP_0691,Russia,Mu,2027-03-24 10:56:01.201501888,97.83,16,59.85400433685477,29.686365704816307
SMP_0692,UK,Gamma,2028-08-23 06:59:55.494367968,99.36,9,51.74177311831329,-0.3962405149790309
SMP_0693,USA,Zeta,2025-06-28 23:40:10.513141440,98.39,19,41.662651022361345,-88.01609841331597
SMP_0694,India,Lambda,2028-02-04 04:33:56.545682112,98.83,12,28.427518996723688,77.53249878004479
SMP_0695,Japan,Gamma,2023-01-16 02:02:33.191489360,99.83,12,34.653948267353314,135.0562458155939
SMP_0696,Russia,Omega,2021-06-16 22:02:51.214017520,99.28,13,55.964051702095176,38.124678500269944
SMP_0697,Australia,Zeta,2027-12-10 21:17:47.834793504,98.4,23,-37.625726331077274,145.9349192271764
SMP_0698,India,Zeta,2026-04-01 12:00:54.067584480,99.55,23,19.059068145013583,72.70007752851228
SMP_0699,UK,Alpha,2028-11-21 18:53:37.021276608,100.58,9,53.769787777008524,-2.8776836936855243
SMP_0700,UK,Lambda,2030-02-02 04:23:07.734668352,98.71,16,53.42868804030907,-2.437107605143371
SMP_0701,Japan,Mu,2030-05-08 16:56:28.235294144,98.39,9,34.7860655511216,135.6908491566616
SMP_0702,South Africa,Sigma,2026-09-09 09:09:41.226533184,98.95,15,-33.885427511059795,18.603712921062634
SMP_0703,UK,Lambda,2026-09-19 10:28:59.173967456,99.18,14,51.048413950863846,-0.020401263340317277
SMP_0704,Canada,Theta,2022-12-06 20:45:21.401752192,98.94,19,45.7751587997566,-73.63815196042688
SMP_0705,Australia,Sigma,2024-08-21 06:41:54.142678336,100.2,24,-33.950586677273904,151.2303436630254
SMP_0706,Japan,Zeta,2024-08-26 07:21:33.116395488,98.91,12,35.97876307033657,139.37093806791822
SMP_0707,USA,Epsilon,2029-11-23 19:08:02.102628288,100.2,18,34.58692017252431,-118.06305710377768
SMP_0708,Russia,Lambda,2025-08-28 07:35:58.197747200,99.59,10,55.15677902901654,37.663637044129985
SMP_0709,Russia,Gamma,2027-08-12 05:26:12.465581984,98.8,17,55.77111599097619,37.68872915263438
SMP_0710,Australia,Lambda,2023-06-25 23:11:20.350438048,98.46,5,-37.70767657441156,144.99677143009757
SMP_0711,Germany,Sigma,2022-05-29 19:38:40.400500624,98.94,13,48.172025171138856,12.157615791484524
SMP_0712,Russia,Sigma,2021-02-11 05:31:36.871088860,99.25,14,59.50253025825125,30.62971885333387
SMP_0713,USA,Omicron,2029-09-29 11:51:53.391739648,99.12,18,40.75659029174446,-74.31927262594257
SMP_0714,USA,Gamma,2022-08-03 04:14:07.058823536,99.7,15,33.95442223190259,-118.2016803281172
SMP_0715,South Africa,Zeta,2020-11-27 19:36:52.265331664,98.94,20,-34.15419519385073,18.96767257973146
SMP_0716,Brazil,Gamma,2025-12-21 22:47:54.593241568,99.4,9,-16.13387115720185,-47.41765863494645
SMP_0717,Germany,Gamma,2030-10-21 14:44:54.367959936,98.09,14,48.31648722731982,11.24725627142342
SMP_0718,Japan,Gamma,2024-11-24 19:15:14.643304128,99.44,13,35.31270025248945,139.73670828878576
SMP_0719,Germany,Delta,2022-09-12 09:31:18.848560704,99.25,16,47.65788917741727,11.766638568342856
SMP_0720,Germany,Omicron,2029-03-02 08:06:36.495619520,98.11,8,48.19568821564221,11.246720656637974
SMP_0721,South Africa,Mu,2026-07-21 02:33:11.489361696,98.57,10,-33.98589273313611,18.706845268683896
SMP_0722,Germany,Lambda,2020-11-07 16:58:16.370463080,98.53,11,47.96171066259376,11.683603089232474
SMP_0723,Australia,Theta,2026-02-05 04:44:45.356695872,98.94,12,-37.3637503309886,145.02697749070472
SMP_0724,Japan,Theta,2021-04-02 12:08:06.608260328,100.86,17,35.59652778057613,139.33429066167764
SMP_0725,South Africa,Omega,2027-03-29 11:35:40.175219040,98.58,12,-33.821436929341274,18.270390619332545
SMP_0726,Japan,Lambda,2028-10-27 15:35:22.152690880,97.62,13,34.01567576208502,135.6870979993744
SMP_0727,South Africa,Delta,2023-01-01 00:03:36.270337920,99.26,12,-33.857704459548906,18.867451094196458
SMP_0728,UK,Zeta,2021-02-06 04:51:57.897371716,99.18,23,53.60290653537833,-2.2621447779480643
SMP_0729,Japan,Gamma,2028-08-03 04:21:19.599499392,98.86,18,35.36004096926876,139.46623241968197
SMP_0730,Brazil,Theta,2026-12-13 21:43:01.727158944,98.99,12,-24.083653819327147,-46.67074359254235
SMP_0731,South Africa,Mu,2024-10-15 13:58:02.853566976,100.01,11,-34.340059972614874,18.683218127806168
SMP_0732,USA,Lambda,2022-06-03 20:18:19.374217776,99.89,20,41.87601179997748,-88.00571709058894
SMP_0733,Germany,Lambda,2022-09-07 08:51:39.874843552,100.78,7,52.918912343234005,13.32011357525415
SMP_0734,South Africa,Alpha,2026-06-05 20:36:20.725907392,98.93,10,-26.156976055772017,28.166082302722266
SMP_0735,Germany,Lambda,2025-12-06 20:48:57.672090112,99.24,9,47.746022888050064,11.710151293392181
SMP_0736,Brazil,Theta,2022-03-30 11:42:52.715894872,98.92,15,-22.90113111988079,-46.514979879168024
SMP_0737,India,Gamma,2020-10-03 12:20:43.554443056,99.46,10,18.895480345940626,72.84152085681177
SMP_0738,UK,Delta,2022-05-19 18:19:22.453066336,99.31,17,53.563612985970124,-2.1200322392507482
SMP_0739,UK,Mu,2020-08-04 04:24:55.869837296,98.5,12,53.290296697184615,-2.4745858274052606
SMP_0740,Germany,Theta,2020-06-29 23:47:23.053817272,98.63,14,47.75006514182133,11.973105964312477
SMP_0741,UK,Alpha,2028-09-22 10:57:49.336670848,98.46,15,50.90510863592372,-0.33067851252377206
SMP_0742,Brazil,Alpha,2023-12-23 22:58:43.404255328,99.37,13,-23.092070111498703,-47.221304166943156
SMP_0743,Brazil,Gamma,2029-12-03 20:27:20.050062592,99.36,16,-15.419409955946314,-47.733393415283196
SMP_0744,Japan,Lambda,2030-03-24 10:59:37.471839808,99.63,8,34.634609802204956,135.55836043952303
SMP_0745,Japan,Gamma,2027-01-28 03:39:52.490613280,98.46,8,36.17288758682138,139.96837784948733
SMP_0746,Russia,Beta,2020-05-25 19:09:50.237797246,99.6,13,59.7173209189145,30.76576330559166
SMP_0747,South Africa,Theta,2024-03-18 10:12:45.957446816,99.03,16,-26.02130837700318,27.82497316801627
SMP_0748,Canada,Lambda,2022-04-19 14:21:28.610763456,100.03,20,45.33229588496628,-73.62564940947188
SMP_0749,South Africa,Omicron,2021-07-07 00:41:27.108886112,98.95,6,-34.08601650143054,18.851364676043772
SMP_0750,USA,Zeta,2024-06-06 20:47:09.536921152,98.97,19,42.05495968288116,-87.8692617535007
SMP_0751,Japan,Beta,2025-10-02 12:13:31.013767200,98.04,15,34.941687619966885,135.02751335075644
SMP_0752,South Africa,Zeta,2028-03-30 11:50:05.256570720,98.84,20,-33.80305486140175,18.529365820255673
SMP_0753,Canada,Delta,2025-06-03 20:21:55.644555712,99.21,9,45.32316507971059,-73.52496725104527
SMP_0754,Australia,Gamma,2027-08-27 07:25:09.386733408,100.25,16,-33.997058940931595,151.18808341470256
SMP_0755,USA,Delta,2020-10-23 14:59:19.449311640,98.39,10,41.12157064581306,-74.43543299913738
SMP_0756,Canada,Delta,2023-03-27 11:17:38.823529408,98.83,7,44.88901188700659,-73.51463953457255
SMP_0757,South Africa,Gamma,2024-07-27 03:23:39.274092608,98.47,10,-33.9591671512677,17.95190135628254
SMP_0758,USA,Lambda,2029-01-06 00:50:27.784730912,99.66,12,40.52118813080769,-73.9440738576294
SMP_0759,USA,Theta,2020-07-10 01:06:41.001251564,99.42,17,34.3513158102605,-117.55243789088759
SMP_0760,Germany,Lambda,2027-02-12 05:38:49.411764704,98.87,8,48.10504859341651,12.045365427465399
SMP_0761,Australia,Lambda,2027-08-27 07:25:09.386733408,99.63,13,-34.12088731391957,151.46974032242537
SMP_0762,Canada,Delta,2030-05-28 19:35:04.130162688,99.55,9,43.73567613290425,-78.6297935684571
SMP_0763,UK,Delta,2024-04-22 14:50:18.773466832,98.76,8,52.99376665144792,-2.7424684650774855
SMP_0764,Canada,Beta,2020-03-21 10:34:23.579474343,99.3,11,44.966859729454676,-73.3769855202167
SMP_0765,UK,Mu,2020-03-31 11:53:41.526908636,98.49,12,53.827967306402584,-2.304978825289666
SMP_0766,UK,Theta,2028-01-05 00:36:02.703379232,98.54,21,51.75413867997455,-0.5661060971978232
SMP_0767,India,Epsilon,2027-04-13 13:34:37.096370464,98.67,19,13.20766367093114,80.36834926160546
SMP_0768,Australia,Mu,2021-04-27 15:26:21.476846056,99.0,11,-33.836331304073646,151.65743415967606
SMP_0769,Australia,Mu,2026-10-29 15:46:10.963704640,98.21,18,-33.669404207162515,151.21080774931
SMP_0770,India,Theta,2022-02-28 07:44:58.873591992,98.22,14,19.10714874496951,73.02130751630114
SMP_0771,Japan,Gamma,2028-11-01 16:15:01.126408000,98.81,12,35.59596968536929,139.7230088301448
SMP_0772,UK,Alpha,2026-11-23 19:04:25.832290368,100.0,10,53.669505073536975,-2.323135687615021
SMP_0773,Russia,Sigma,2029-05-21 18:41:00.075093888,99.76,16,60.16326599388958,30.444007929977413
SMP_0774,India,Zeta,2020-05-30 19:49:29.211514394,100.88,21,13.43171614479053,80.82445506411744
SMP_0775,Australia,Delta,2030-02-27 07:41:22.603254080,98.36,13,-33.90238404048611,151.313145185171
SMP_0776,Australia,Zeta,2028-12-26 23:31:09.837296608,99.06,19,-33.79569643553345,151.1466176414367
SMP_0777,UK,Beta,2023-09-19 10:25:22.903629536,98.85,9,51.634464561660124,-0.4007711854839915
SMP_0778,India,Beta,2024-08-01 04:03:18.247809760,99.31,16,19.016602261971666,72.81665755014936
SMP_0779,Canada,Omega,2024-04-07 12:51:21.852315392,98.72,17,46.00093790652437,-74.15686120231531
SMP_0780,Germany,Gamma,2023-09-19 10:25:22.903629536,98.41,20,48.20577787002887,11.923038973436627
SMP_0781,UK,Gamma,2023-10-04 12:24:19.824780976,98.5,6,51.69084198844484,-0.7069763017767275
SMP_0782,Russia,Mu,2021-12-19 22:29:53.241551944,99.29,11,59.900128145069544,30.109449879822407
SMP_0783,Germany,Mu,2027-01-23 03:00:13.516896128,98.71,17,47.96209204400356,11.404745183273807
SMP_0784,Japan,Zeta,2024-04-17 14:10:39.799749696,99.15,17,36.192730242347366,139.73592697187547
SMP_0785,India,Theta,2029-10-24 15:10:08.260325440,98.91,24,28.41833821100828,77.52031033944161
SMP_0786,Brazil,Omicron,2022-03-15 09:43:55.794743432,99.36,9,-23.86425727132393,-46.49144755637426
SMP_0787,Germany,Epsilon,2028-04-19 14:28:41.151439296,98.43,17,52.352668195728704,13.909825417857316
SMP_0788,Brazil,Lambda,2024-05-12 17:28:54.668335424,98.85,5,-22.694687066001958,-46.40755501275994
SMP_0789,Canada,Sigma,2030-12-05 20:41:45.131414272,99.8,8,45.297806430872,-73.47194705044397
SMP_0790,USA,Alpha,2023-07-31 03:48:53.166458080,99.65,8,42.92391274605396,-87.72790064678841
SMP_0791,Germany,Sigma,2029-01-21 02:49:24.705882368,98.93,17,47.68694400477854,11.214828180081033
SMP_0792,Japan,Lambda,2021-06-01 20:03:54.292866080,100.37,9,35.535958992353216,140.32808361649222
SMP_0793,Australia,Zeta,2026-01-21 02:45:48.435544448,99.65,18,-34.21933019775872,151.4407436298498
SMP_0794,Australia,Lambda,2025-12-11 21:28:36.645807264,98.97,7,-37.6164188458359,144.38216259465145
SMP_0795,Australia,Epsilon,2030-07-13 01:31:54.893617024,98.22,17,-37.869131931185095,144.94539513692555
SMP_0796,Australia,Omega,2027-12-20 22:37:05.782227776,97.83,17,-37.75824191309847,145.06984177056032
SMP_0797,Germany,Omicron,2023-04-16 13:56:14.718398000,98.02,8,48.14158590887449,11.745855865455837
SMP_0798,USA,Epsilon,2024-02-12 05:35:13.141426784,98.45,15,40.91656748082056,-73.70409894271738
SMP_0799,Brazil,Sigma,2028-11-21 18:53:37.021276608,99.32,17,-15.513455808344233,-47.7652304050315
SMP_0800,Canada,Omicron,2025-11-11 17:30:42.803504384,99.32,19,43.96199488440376,-79.23296544138546
