sample_id,region,year,PC1,PC2,resistant_binary,resistance,snp_chr,snp_pos,pval,freq
S1,SE_Asia,2011,-1.261236782861152,1.2224756528807934,0,Sensitive,10,723517,0.4712736786266684,0.07160701847371863
S2,Africa,2012,-2.788750225426379,2.6187019480661813,0,Sensitive,1,5268,0.014777124351533883,0.05090062721257804
S3,Africa,2020,1.8253758716397106,1.3917593234350807,0,Sensitive,4,661658,0.5551144629832152,0.291674147535765
S4,SE_Asia,2012,-2.547140473624488,0.6406164254925398,1,Resistant,6,135842,0.2362470221720148,0.7496349849982595
S5,SE_Asia,2018,2.2813124858949263,-1.2898509150495152,0,Sensitive,9,648579,0.4411634936404618,0.28061770247713574
S6,Africa,2016,-1.5763311177753192,3.1512994919329556,0,Sensitive,12,955097,0.20409953216920348,0.2663451291952938
S7,South_America,2011,0.5304679167965978,1.5065524239986374,1,Resistant,9,543169,0.8192794748748367,0.8191714443083656
S8,SE_Asia,2018,-0.7445434627165718,0.5689391134591002,1,Resistant,12,904806,0.1844019517850344,0.7391823317085281
S9,Africa,2018,2.3492004759146807,0.4097206380931405,1,Resistant,3,241363,0.326435032218471,0.9717189828076234
S10,Africa,2006,0.601692804413162,0.2232547173000115,0,Sensitive,12,687532,0.015274370586229054,0.394354901776825
S11,Africa,2014,3.9181907050142835,0.9044328479188213,1,Resistant,11,120960,0.30965289709993726,0.8535957879940219
S12,SE_Asia,2008,-2.1673553587191634,-1.2266543581232077,0,Sensitive,9,311584,0.026332995886439423,0.3048388204623638
S13,Africa,2012,0.8277261630715138,3.050499868006841,1,Resistant,12,546497,0.4500415912595431,0.994358925283939
S14,Africa,2007,0.094683761814266,0.30467950574788655,0,Sensitive,6,939710,0.027055782230302326,0.2384072093643301
S15,Africa,2008,0.5598871425138455,1.2001089009450014,0,Sensitive,11,17244,0.38822913206641846,0.04495434984363636
S16,SE_Asia,2013,3.1918423432208973,-0.8671345553388531,1,Resistant,13,365493,0.6065813226121276,0.6022563772280439
S17,Africa,2020,1.1706360601845716,0.7498370671468542,0,Sensitive,8,767699,0.9100283403562447,0.27093710065230375
S18,Africa,2020,-2.295050817354414,-4.56350485261296,1,Resistant,8,319210,0.5537050795896837,0.7974569526025326
S19,SE_Asia,2020,1.0670216366796579,-2.236597756916316,1,Resistant,3,229382,0.515139619891104,0.7345262615046556
S20,SE_Asia,2015,-0.8312387523115013,-0.06282630637292495,1,Resistant,3,65091,0.04730639740359115,0.863428932489723
S21,SE_Asia,2019,-0.9467099401415808,-2.6449462201133342,1,Resistant,9,115549,0.3743178648809679,0.7326620309366968
S22,South_America,2005,2.0917146560667375,4.878828127730334,0,Sensitive,10,974313,0.39365703396339585,0.09982475468303131
S23,SE_Asia,2008,-1.2046799660524572,-3.336162627818777,1,Resistant,3,339909,0.3237346934131138,0.9583619301143625
S24,SE_Asia,2008,-0.7594606551602712,0.6918014980718751,1,Resistant,4,96973,0.889233445982341,0.716311358497985
S25,SE_Asia,2014,0.06481450880774128,3.311546306948336,0,Sensitive,7,420268,2.6446891552819015e-05,0.01986709078493063
S26,Africa,2013,1.8923717934907762,0.9625741188241694,1,Resistant,9,14272,0.21100810379458337,0.8081599945962747
S27,Africa,2019,1.1631796057223784,-0.6204551067627491,0,Sensitive,12,685900,0.7850379425648287,0.3991254638532646
S28,Africa,2016,-0.46882982383574273,-1.1042881676655705,0,Sensitive,3,918378,0.8125438398236011,0.273387441124352
S29,Africa,2016,-0.5443529313747865,1.3465109775452877,0,Sensitive,1,908825,0.34547502021417403,0.12363211132023717
S30,SE_Asia,2011,-2.320259323067057,-1.6005413620850928,1,Resistant,2,768710,0.8213882939356454,0.7275277033557124
S31,Africa,2008,-1.5196701771853263,-0.23897221961750897,1,Resistant,10,273520,0.7056941796540057,0.743830035073148
S32,Africa,2012,-1.3087621716409863,1.3823972114361607,0,Sensitive,14,885646,0.110095529180891,0.37833525516582583
S33,Africa,2010,-0.2985818834948911,-0.6157580531526019,0,Sensitive,4,564314,0.36820160342298425,0.2757852987091672
S34,Africa,2020,3.9735260743383236,0.17502002037742623,1,Resistant,7,735218,2.5472650438600295e-05,0.9895282382240579
S35,Africa,2013,-1.3509388675728635,-0.6081725850980205,0,Sensitive,1,752732,0.37300810978616517,0.22015901775349755
S36,Africa,2016,-0.5916581358112772,-1.939595207013734,0,Sensitive,14,213526,0.865091770680047,0.16900902230904774
S37,Africa,2017,-4.1047968099532115,2.3783009694442883,1,Resistant,4,88618,0.44551319729410305,0.6175544272691464
S38,South_America,2019,1.2011421886210145,2.786132481165985,0,Sensitive,2,537866,0.5646646425535155,0.21531792124381133
S39,South_America,2009,-3.154897587654011,-0.6333999078067115,1,Resistant,7,74990,7.81183427795146e-05,0.791156072426856
S40,SE_Asia,2016,-1.8131790443287144,-0.5311523173571641,1,Resistant,7,115548,1.706552311265739e-05,0.7182940616594139
S41,SE_Asia,2015,2.084670736881986,-0.355798677959744,1,Resistant,7,119125,7.437964407038177e-05,0.6111682446285678
S42,Africa,2020,-4.209856859157925,1.077606547251563,0,Sensitive,12,644740,0.8425169631552598,0.06721665770290279
S43,Africa,2018,0.19184082479047992,-1.810600530483059,0,Sensitive,6,732107,0.9673630402267279,0.3153827074553268
S44,Africa,2013,1.6018592933302536,-0.1770506111051809,0,Sensitive,5,488952,0.2892653298370783,0.08556633144407325
S45,South_America,2018,3.0508884728805556,0.5259181103382914,0,Sensitive,3,312725,0.1543577412764191,0.04212526874818221
S46,Africa,2010,-1.8401862169792271,1.2840842987744931,0,Sensitive,8,102521,0.3276003244255819,0.0654976203493602
S47,Africa,2006,-1.24804970047973,-5.56167454976284,1,Resistant,7,907476,4.180010382867568e-05,0.6547891523351488
S48,South_America,2018,3.6088726468052026,0.8068064191370243,0,Sensitive,2,174915,0.2108246581510424,0.24938015556468884
S49,SE_Asia,2012,-0.05012028916319549,0.6916935238381667,1,Resistant,5,43514,0.32199540647626435,0.8945456037446644
S50,SE_Asia,2007,-1.4725278685393435,2.0154564733992673,0,Sensitive,2,683746,0.9349799444053144,0.0916827734244464
S51,Africa,2012,-1.4349716746144545,-1.0525280304413913,0,Sensitive,3,499806,0.7533943764243911,0.2516230836891948
S52,South_America,2017,-1.9451126471349311,-1.0367064105381336,0,Sensitive,7,70268,2.7100841464329125e-05,0.07751051751619925
S53,SE_Asia,2013,-0.8793444108519856,2.4050331733394064,0,Sensitive,14,922750,0.08678732105174339,0.20827729952196408
S54,SE_Asia,2006,2.176440952898689,-3.126313412298418,0,Sensitive,10,523610,0.4874406664461605,0.029283165694864846
S55,Africa,2017,1.7755321371469275,3.2581805827627988,0,Sensitive,2,557452,0.9046349418833841,0.20681638106426942
S56,Africa,2016,-2.348540605650689,5.111788918455653,0,Sensitive,1,767886,0.43950325846101784,0.09151636298017118
S57,Africa,2016,0.42917214940847004,0.9549033694097709,1,Resistant,6,127855,0.6893668921505631,0.7942987612412563
S58,SE_Asia,2012,-0.8043194701450355,1.6281969471532265,1,Resistant,5,867465,0.17034336564155153,0.654085791908681
S59,South_America,2006,1.5648808082088843,-2.979163414198688,0,Sensitive,7,473394,9.038727836109887e-05,0.22903138395700498
S60,SE_Asia,2013,-0.3127194544585987,-1.3891195733951454,1,Resistant,4,440414,0.4235585518332961,0.9241996708376412
S61,SE_Asia,2006,0.7430493635995343,2.1157250943442043,0,Sensitive,2,840311,0.3138743620796925,0.12171144694109551
S62,SE_Asia,2014,-0.31721041391699867,0.7236306939644678,1,Resistant,14,970705,0.6439119619847868,0.8854315536546574
S63,SE_Asia,2007,-4.374171861276445,-0.3628549260535417,1,Resistant,11,478956,0.8264478375206392,0.6431656668355658
S64,SE_Asia,2016,0.09400489073728888,0.465738264679089,1,Resistant,7,134894,3.022255737317876e-05,0.6486399449037326
S65,South_America,2008,-2.5434938990601736,1.013952968640533,0,Sensitive,2,440318,0.7632437872511036,0.1384164736161668
S66,Africa,2009,1.4942568233536826,-0.5861914021740674,1,Resistant,3,832599,0.28023329259354424,0.6946779777739439
S67,SE_Asia,2007,-1.3596557847995758,-0.057891889953477486,1,Resistant,5,522287,0.40314593652399966,0.9460640327568832
S68,Africa,2016,-1.210025312145979,-0.07261474959786911,1,Resistant,4,416901,0.03566271107637722,0.945824889677487
S69,Africa,2015,-0.017805650024605157,-2.1045579628218785,1,Resistant,10,396300,0.14470122645352415,0.6559777086207641
S70,SE_Asia,2005,1.1555879084487612,0.6471892559182023,1,Resistant,12,746273,0.11252339618560006,0.7243897917001327
S71,Africa,2015,-0.3394876355982574,3.6071718292261807,1,Resistant,4,443864,0.5769753774915723,0.7802270516200026
S72,South_America,2016,3.2843655440900403,3.4639242603723845,0,Sensitive,11,517478,0.627687540094847,0.23508811066010893
S73,SE_Asia,2012,3.297635722971616,-2.9527985917035173,1,Resistant,2,984602,0.05547612294900893,0.6477672122684851
S74,SE_Asia,2010,3.430937184339981,1.1412624397534745,0,Sensitive,9,320054,0.558637684802919,0.27007111253842203
S75,Africa,2020,-0.46863744911753497,1.3510075618115458,1,Resistant,2,128901,0.7531770423254985,0.8428499163680068
S76,SE_Asia,2014,-2.9639169122057094,-0.8210209256472834,1,Resistant,9,334339,0.5041756072531197,0.6674489996244277
S77,SE_Asia,2013,2.440157028476558,-1.9284000694247894,1,Resistant,9,501588,0.46173328958291193,0.6613586475847618
S78,Africa,2010,-0.832690570599552,-2.6416286283432964,1,Resistant,5,198255,0.6343216111733121,0.8798638281355674
S79,Africa,2005,0.0763326240040155,-0.8894075577000629,0,Sensitive,8,766783,0.3825585289832247,0.3891753363818747
S80,SE_Asia,2016,1.25664020571034,0.7000182732144259,0,Sensitive,5,595962,0.6075943582720091,0.23958601823389333
S81,Africa,2019,-3.2088728010253043,-0.316116351534513,0,Sensitive,9,686636,0.9245965709460344,0.12396246042870294
S82,SE_Asia,2010,3.258242410664995,-1.2218661765263155,1,Resistant,6,215677,0.8549062206773524,0.6043993401907053
S83,SE_Asia,2015,1.749924658206615,-2.4983132627017994,0,Sensitive,8,245470,0.7377682202171155,0.20700778472196474
S84,Africa,2010,0.7045431641429457,0.7014325167765937,0,Sensitive,10,399053,0.8735540663085701,0.38505632780442944
S85,South_America,2006,1.7818335009573822,2.133084893938911,0,Sensitive,7,718398,7.73477032362309e-05,0.3366092180442746
S86,South_America,2020,1.113905078654695,-1.8538439440689838,0,Sensitive,5,3252,0.7504808313138831,0.29867351369463196
S87,Africa,2008,0.23365623113815556,0.896857928297448,0,Sensitive,13,732156,0.2916260321360554,0.021776724981187368
S88,Africa,2013,-0.6155486442891206,-3.7589504878208015,0,Sensitive,5,507547,0.5163966174915743,0.3094404222802421
S89,Africa,2005,-1.4782845487115648,-1.3149322178824834,1,Resistant,7,422474,7.583025803102349e-05,0.8742003799040994
S90,Africa,2013,0.5744285618067354,1.4592082390315226,0,Sensitive,6,533567,0.04753258388510312,0.3350165123792421
S91,SE_Asia,2005,0.7224061195433497,-2.2355344187792423,0,Sensitive,3,590198,0.5704260154111687,0.041954725163685064
S92,South_America,2019,2.1663976053763982,-1.2088734496248619,1,Resistant,9,726769,0.5049530075463854,0.7378570605486234
S93,Africa,2020,0.40132001743839363,2.835933656873398,0,Sensitive,10,762920,0.5192108761670053,0.13486394546868188
S94,SE_Asia,2005,-1.7064030315611216,-1.4656879605050845,1,Resistant,6,719505,0.031945511495020576,0.6677668703545724
S95,SE_Asia,2015,-3.152465694793312,-1.7078896384585285,1,Resistant,13,323048,0.37425798651433523,0.6003654937517795
S96,SE_Asia,2014,-0.25512432401986185,1.1516967238613443,0,Sensitive,7,924654,3.7653569681315325e-05,0.20000749572669801
S97,Africa,2007,-0.05491675337914177,3.909467126310588,0,Sensitive,11,25599,0.7363571436640285,0.14548594287715488
S98,Africa,2010,-0.19618316558719937,-0.4793398945882372,1,Resistant,7,224503,3.259849962755673e-05,0.7614891659880375
S99,Africa,2006,-3.0610257947112482,1.5374717206371997,0,Sensitive,2,361753,0.3817143879016008,0.06067082178453154
S100,Africa,2007,2.1489302810710154,2.6915383602300125,0,Sensitive,2,551640,0.4037282606087845,0.004184611949563344
S101,SE_Asia,2008,2.1452594924675648,0.6511043257611439,1,Resistant,14,546910,0.7108177183923453,0.6211157360710019
S102,SE_Asia,2005,-1.646570329228982,-0.5398358023701203,1,Resistant,2,626564,0.41965333360932455,0.6071790160204532
S103,Africa,2011,1.6119642232443083,-1.7526534772509728,0,Sensitive,10,636929,0.6066233033692616,0.013330872153235963
S104,Africa,2020,1.9056617236233127,-2.850421921842129,0,Sensitive,10,668829,0.2674350536618826,0.31808507804330977
S105,Africa,2012,0.07689415329538586,2.2234034902076134,1,Resistant,7,438734,3.610770941105836e-07,0.8615944280119436
S106,SE_Asia,2008,-1.8969972523881538,0.36191429148377396,1,Resistant,5,990891,0.694315725332316,0.6033908382687987
S107,South_America,2019,3.226763070522048,2.665601884845866,1,Resistant,11,87664,0.6688514891036114,0.9056942543087133
S108,SE_Asia,2020,0.7618428675444531,1.977850632699408,1,Resistant,10,518058,0.08345763197780193,0.7729329706374286
S109,South_America,2014,-0.5020749104240853,-1.2339410400552302,1,Resistant,2,131003,0.024528857841943398,0.6332096599210603
S110,Africa,2012,1.545690791345817,-2.3737733998007093,1,Resistant,1,616629,0.0025529825203722866,0.9022261118420076
S111,Africa,2014,3.244416975700303,0.8253391658738326,0,Sensitive,4,400536,0.12997899097253174,0.26881748617163037
S112,Africa,2009,-0.994320293377731,-1.265013768682434,0,Sensitive,2,27467,0.21202002634405814,0.39348956364352966
S113,Africa,2020,1.3828450905135776,0.753378282001443,0,Sensitive,11,565265,0.8570308795765783,0.047071027764213104
S114,South_America,2013,3.8863203414494167,-1.4623038753228164,1,Resistant,1,612254,0.4334017235863334,0.9847156154542995
S115,Africa,2005,-2.2331296684709594,-1.7224505063945486,1,Resistant,10,811729,0.6522136174782062,0.6465055046084526
S116,SE_Asia,2020,-1.0985071774561257,-0.2819816190814283,1,Resistant,12,676081,0.9697500550504033,0.9262851106710769
S117,SE_Asia,2014,-1.1957101611844099,1.8682012408159676,1,Resistant,14,793583,0.4420743330964813,0.8602803476487424
S118,SE_Asia,2017,-0.3166542740984403,0.6130797906271542,1,Resistant,4,842427,0.7989736992930683,0.6897888371478966
S119,Africa,2012,-0.41994747176838937,2.3567502973435643,1,Resistant,8,929327,0.3861704833228668,0.8277123525165881
S120,South_America,2019,0.6015908787341004,-2.4671234061104546,1,Resistant,12,378051,0.7414940378751387,0.8303092856295224
S121,South_America,2019,-1.6407510402694738,-2.1141542830645967,1,Resistant,1,893561,0.26415458088209465,0.6188084271222879
S122,Africa,2005,-1.2453269777617866,-0.17832739832063063,0,Sensitive,7,652327,4.6313416331764963e-05,0.20662645651876468
S123,Africa,2005,0.6025809679651514,4.331402766586137,0,Sensitive,6,731765,0.05228963044798844,0.2458335746994838
S124,SE_Asia,2016,0.3098237194674209,1.3485722271247462,0,Sensitive,1,55182,0.4523695782359881,0.13293269644664338
S125,South_America,2007,1.748159618320399,-2.133225484089458,0,Sensitive,14,76519,0.9886000295608456,0.2248932002848074
S126,South_America,2009,0.8187100498512807,-0.15228090591541596,0,Sensitive,3,940012,0.1438186840840837,0.3452395831322169
S127,Africa,2020,1.5436932711215268,0.4414295816025165,1,Resistant,9,376706,0.10136269162670367,0.9872280126127809
S128,SE_Asia,2018,-2.285904079083,-1.1373714911220167,1,Resistant,7,756133,1.777169219496124e-05,0.6271848149127872
S129,South_America,2014,-0.7668326222315656,1.2265499821130108,0,Sensitive,3,585120,0.13614462072424643,0.1955438875185802
S130,Africa,2015,3.6967599017668906,-0.31289227632961225,0,Sensitive,12,830304,0.6777968458631195,0.1283114320063272
S131,SE_Asia,2016,0.7841560931033389,-0.5986614364193416,1,Resistant,5,8993,0.6144709450740679,0.7642480450375506
S132,Africa,2020,1.4947859230926333,2.5205135743849585,0,Sensitive,12,468045,0.5262075278977857,0.24269968657648958
S133,SE_Asia,2006,0.5454694743255889,-3.41932180432057,1,Resistant,9,320765,0.970300685596607,0.896791456695543
S134,South_America,2014,0.8506717138575713,-1.9236106835693871,0,Sensitive,10,26358,0.3160367821513324,0.012122526181859161
S135,South_America,2016,-0.4618081030563471,-1.6346179628815607,0,Sensitive,9,258686,0.44409868140569764,0.039223178587868106
S136,Africa,2018,7.143158436052622,-1.695362139997396,1,Resistant,3,2496,0.46337118092934865,0.7248083743411249
S137,Africa,2010,-0.7923118448193965,-1.4575060905827506,0,Sensitive,5,110879,0.7051052442011756,0.16687873270822964
S138,Africa,2013,-0.07664243548630326,0.9769519157816411,0,Sensitive,6,876487,0.22743389850461695,0.02634784229403686
S139,Africa,2010,-4.849672650910498,2.1930656568206937,0,Sensitive,1,371091,0.7555580065133475,0.3177977303269402
S140,SE_Asia,2011,2.2125333151894435,1.8320825213117773,1,Resistant,7,902996,1.099155863475485e-06,0.7950010446365868
S141,Africa,2013,-1.1045058993698542,-2.039124253058018,0,Sensitive,9,881468,0.9770463561151477,0.1997274706732251
S142,Africa,2015,-0.12158821202328247,-0.21483579713974757,1,Resistant,6,589474,0.9524355893031196,0.825370287887747
S143,South_America,2018,-1.0560811017636624,0.9045304269496474,0,Sensitive,6,264255,0.3995857564471978,0.27710522962951795
S144,SE_Asia,2009,-0.27736589054969124,0.4800059045708855,1,Resistant,8,143208,0.8798632462358722,0.8592322790009352
S145,Africa,2013,-0.5684941968412597,2.611494799018469,0,Sensitive,2,651182,0.394371449234221,0.1904305260084329
S146,SE_Asia,2009,-0.08608355156129688,-1.3506684710880204,1,Resistant,12,737059,0.5412489219958303,0.9455863231169485
S147,SE_Asia,2006,-0.10560296530769345,0.312638842201646,0,Sensitive,11,807380,0.7477135514273824,0.0017764160994135914
S148,Africa,2008,-0.3084106229717653,-0.7864614298121767,1,Resistant,11,282946,0.7586293415245762,0.903734448543883
S149,SE_Asia,2007,-0.33575445309255897,0.5021500381790464,0,Sensitive,11,919039,0.8858735861269584,0.15595474072330973
S150,South_America,2012,2.617036904652034,-2.1577938253793927,0,Sensitive,12,79218,0.4618216536270979,0.017929350076923447
S151,Africa,2020,1.7628338395185166,-1.85787544191515,0,Sensitive,1,106901,0.593784766658605,0.021734798616483
S152,SE_Asia,2005,1.7748846368931792,-1.4602217195769738,1,Resistant,5,305628,0.5699314577083008,0.7390087772290704
S153,Africa,2011,-1.4648977622235517,-1.1273386223100934,1,Resistant,8,523835,0.5056176446909592,0.6090332733031308
S154,Africa,2007,2.5136416636967285,3.0958465312655266,0,Sensitive,5,960469,0.6947025583365252,0.09699548581268541
S155,SE_Asia,2017,2.2632890183917755,2.350803828590863,1,Resistant,7,919257,6.158353817747165e-05,0.9513980200098553
S156,Africa,2018,-1.10680865760313,-0.4252993414278865,0,Sensitive,6,353325,0.06539106543368069,0.323657500663905
S157,SE_Asia,2012,3.0477040343996067,0.3458665884190094,1,Resistant,14,851942,0.5187476226223026,0.8898466897651668
S158,South_America,2018,-1.366451885999579,-3.188872036220796,0,Sensitive,2,191932,0.42842338042384,0.18279250465967387
S159,SE_Asia,2008,-3.684063676810154,-0.3585846931029287,1,Resistant,6,745983,0.5272388853470262,0.6979509665264882
S160,Africa,2011,2.203051972306345,0.3192294266234547,0,Sensitive,3,47979,0.612938963101471,0.2674033747991875
S161,Africa,2009,-0.23903756086015124,2.2913684268024483,0,Sensitive,1,573296,0.36499124308976594,0.037492698637345744
S162,SE_Asia,2020,1.9538431291499652,0.6536094393499307,1,Resistant,2,831176,0.3070422909098728,0.8556650193597888
S163,SE_Asia,2007,-1.5084043254483828,0.8657801175511046,1,Resistant,8,412554,0.675754414022601,0.8440158164460689
S164,Africa,2011,-2.523540023494085,0.5955257795009246,0,Sensitive,7,279001,1.2565343446702216e-05,0.2158048774735075
S165,SE_Asia,2020,2.46374357724794,0.5380023793442565,0,Sensitive,14,916113,0.8331510099826352,0.2935095199199328
S166,South_America,2014,-2.8145371267915347,-2.793518351869951,1,Resistant,4,975065,0.7622978912627026,0.9864477967784859
S167,Africa,2018,-3.1220610228747274,-0.8335153366806007,0,Sensitive,8,929643,0.9013606757223445,0.2792772737289146
S168,South_America,2014,-3.851173781528705,2.869773597083085,0,Sensitive,4,128318,0.0962732509409984,0.2603770240493908
S169,SE_Asia,2009,-5.588944596615157,1.64779288521849,1,Resistant,6,563628,0.16097217736020014,0.7253494732099698
S170,SE_Asia,2016,-2.07820876652878,0.9884689981302819,1,Resistant,10,453652,0.6079009938454353,0.8922533138855113
S171,SE_Asia,2012,-4.338815916824073,0.13343061844811996,0,Sensitive,10,184788,0.7084936829671037,0.14543034739479754
S172,Africa,2017,-0.07121096921965915,1.3188827914913246,0,Sensitive,6,459033,0.21102237944778468,0.2458388299367459
S173,South_America,2020,-4.472834700649295,-1.8897788179056247,0,Sensitive,12,79896,0.024387402119447968,0.35189207083062035
S174,South_America,2005,-2.1885468383519795,-3.160119124027515,0,Sensitive,6,495682,0.8615853712128442,0.10747117659678543
S175,South_America,2008,4.664123992419314,-0.7641731044699366,0,Sensitive,5,719680,0.7781999237270294,0.038268273040632565
S176,Africa,2016,0.6902484812241433,1.0758461154475563,1,Resistant,5,209634,0.9211587014104188,0.7762448141293766
S177,Africa,2017,0.10561135081545311,0.2156597645372223,0,Sensitive,8,955397,0.2897695041521582,0.25538705793160266
S178,Africa,2008,-3.2415039606397147,2.0279173576899,0,Sensitive,3,418103,0.5098065374940817,0.39899580918445765
S179,Africa,2006,-0.49119533189754233,0.7029010331209377,0,Sensitive,13,56066,0.726853908024203,0.06939785216307395
S180,Africa,2007,0.09621712627323409,0.08968439242868419,0,Sensitive,12,506177,0.625884868647667,0.3245034497798962
S181,SE_Asia,2006,-3.210361591574118,2.654969908031274,1,Resistant,3,555317,0.012528249105232663,0.8698835952984258
S182,Africa,2008,0.2523613617612377,2.2647515569149346,1,Resistant,10,158543,0.5099124402135643,0.8940859195217314
S183,Africa,2015,2.3824649141301983,-0.19618260243888472,1,Resistant,11,898573,0.9818638448497015,0.98508634671375
S184,South_America,2005,-0.6965162376787605,-2.2060997220321554,0,Sensitive,11,322199,0.23241161057863052,0.04319333288011351
S185,Africa,2009,-0.3944727368085699,-1.8147229845110275,0,Sensitive,5,212247,0.455984663405888,0.31896966164081053
S186,South_America,2018,-4.084192830990847,-0.32290227656830683,0,Sensitive,4,158277,0.8075325429455311,0.03131193377929984
S187,Africa,2012,-2.7984677372191737,-0.7336227673049023,1,Resistant,8,208298,0.26619316145885114,0.6195992723634356
S188,SE_Asia,2016,2.1153902028564318,3.3155246597613006,1,Resistant,8,169156,0.4067473523288791,0.9480173213276694
S189,South_America,2009,-1.3231012931610124,-3.3602682978892626,0,Sensitive,6,185014,0.6904832852194569,0.3374372970041466
S190,SE_Asia,2018,-1.8594232688848333,-0.12851557377842568,1,Resistant,9,749955,0.44994792716438275,0.8703019770218086
S191,Africa,2015,-1.3851662319427136,-2.132452974796469,1,Resistant,8,847364,0.9540795184535399,0.7616789587975529
S192,SE_Asia,2009,-0.1149322540016603,0.2336037378261026,1,Resistant,10,567898,0.8502107321610228,0.9591265018425752
S193,Africa,2012,-2.3168318217315833,0.7645296657840223,0,Sensitive,4,191124,0.29005020612801374,0.19040884400820424
S194,SE_Asia,2011,0.25303301194047073,-0.8097939488278108,1,Resistant,14,658312,0.0006568671507101679,0.7869505426673211
S195,Africa,2018,-2.7200153542461183,1.060962827363033,0,Sensitive,3,311458,0.5362782127392105,0.316865483326156
S196,SE_Asia,2008,1.5480000041515705,-0.39725388101258824,1,Resistant,13,116297,0.8532743843800926,0.907636677626807
S197,Africa,2008,-2.114111554679205,-0.3587912255123404,0,Sensitive,11,409861,0.9091864948178076,0.014087050593819539
S198,SE_Asia,2014,2.6405366378642015,-0.8357774508378213,0,Sensitive,11,984607,0.12211085471788638,0.23432958554056374
S199,Africa,2011,-0.020065305514766693,1.3016485774631652,0,Sensitive,13,606895,0.8914129369949826,0.24460630460859212
S200,Africa,2017,-1.6912888567904594,0.27700292741249505,1,Resistant,14,67043,0.4977270837387981,0.8236842629803527
S201,SE_Asia,2012,1.8229212191646316,3.146479259565584,1,Resistant,3,734436,0.9792037142734169,0.6438859963627254
S202,Africa,2009,-2.748993758206225,2.540049753648769,0,Sensitive,14,541048,0.8017312953086695,0.10378830439261161
S203,SE_Asia,2014,-1.094131290034819,1.1075492151411557,0,Sensitive,14,636278,0.166676700157346,0.2610073301902801
S204,South_America,2006,-0.00015105322123091746,-4.318883292200095,0,Sensitive,7,76844,3.063153757450512e-05,0.08404254468065582
S205,SE_Asia,2012,-0.2423336065764177,-2.968656624081275,1,Resistant,8,105764,0.8812896602923682,0.9951047314019299
S206,SE_Asia,2018,-4.017170936741252,1.9725011455796528,1,Resistant,13,425157,0.8134780838353365,0.9303027964348447
S207,Africa,2009,-1.8412930852267326,-0.9512771190501152,0,Sensitive,14,459851,0.9681159367801319,0.3509009566010923
S208,SE_Asia,2015,0.3364686848468644,0.46968751535658215,1,Resistant,1,75415,0.8342266756130096,0.9093543335454649
S209,SE_Asia,2015,-2.6397831187198206,-1.2609507999994494,1,Resistant,2,575980,0.9911470202237394,0.6942184567701546
S210,Africa,2005,2.5328585973316926,1.0357732610324895,0,Sensitive,3,866160,0.5246658142525328,0.04644018100774479
S211,SE_Asia,2019,0.9903617775719724,1.9159798881890107,1,Resistant,10,155063,0.5963082899293446,0.9281845126425671
S212,SE_Asia,2006,-1.0284807814221415,-2.4192554791712344,0,Sensitive,10,249174,0.06994392432980583,0.38482754844846717
S213,Africa,2007,-0.4405849306001276,-1.6271428509750758,0,Sensitive,1,336417,0.394122046208509,0.05623027246916217
S214,SE_Asia,2016,3.7231282476636363,-3.3274568266634246,0,Sensitive,2,508603,0.3155765819217132,0.1150168008258389
S215,Africa,2008,1.8719769017526346,0.46681462365753995,0,Sensitive,12,33438,0.9170293166027336,0.22149263607458006
S216,Africa,2014,0.7604382897323437,-3.330560841659647,0,Sensitive,9,352881,0.3312928296520009,0.14795514784070424
S217,Africa,2018,-2.8310375408685524,-0.7321633897972813,0,Sensitive,5,965628,0.8861271493412807,0.10764906762103205
S218,Africa,2016,3.259222637291917,1.0392222930656043,0,Sensitive,5,397809,0.23927473017679265,0.27176022287165863
S219,South_America,2005,2.104802137747956,4.1161858693499225,1,Resistant,11,783092,0.582033299231075,0.8883228293186534
S220,Africa,2016,-0.2968107751197419,0.7368366845749038,1,Resistant,7,920811,7.144287371737662e-05,0.814019908940783
S221,Africa,2019,-1.0993961384175694,2.5057694839498454,1,Resistant,12,368125,0.09855148577428645,0.8208273095680847
S222,South_America,2011,-0.3758078775535457,0.5183176851195314,1,Resistant,9,238922,0.3172147460468852,0.9804616206646949
S223,Africa,2018,-2.4038733617339476,0.6184868187700293,1,Resistant,8,743461,0.9858178988239678,0.9439792778409706
S224,South_America,2013,-0.9415711154146813,-0.421845795546388,1,Resistant,12,957858,0.5945202951333042,0.9397526892327592
S225,South_America,2017,1.5263210283090316,-0.7665402658072693,0,Sensitive,6,153790,0.826575193280379,0.18321033272211149
S226,Africa,2016,-3.615242554485144,2.348756303085392,0,Sensitive,1,455154,0.7195100618413528,0.11389150762716889
S227,Africa,2016,-0.6281487484845494,0.7493487056499333,1,Resistant,13,350745,0.9003390731337845,0.9776566543014777
S228,SE_Asia,2007,0.22751194575967462,0.6725926897691128,1,Resistant,10,86166,0.3445494314443169,0.6434980496552004
S229,Africa,2009,0.2071360746466571,-1.216350520862133,0,Sensitive,12,625846,0.22114223619500584,0.28934804893662913
S230,Africa,2019,-2.357873908066851,-0.6900834628568748,1,Resistant,3,870343,0.07159562778397945,0.6105765948848898
S231,Africa,2006,-2.364305782654121,4.1349809659581185,1,Resistant,4,286517,0.8417705307968713,0.6426423921217217
S232,Africa,2014,2.1783307649167676,-0.13500366085655074,0,Sensitive,8,323678,0.522870737817841,0.22769864739383971
S233,Africa,2011,-2.449058185632582,2.6523361191839974,0,Sensitive,7,636083,7.45064079659378e-05,0.09894546214654652
S234,South_America,2005,2.0173019126168734,-1.040503422668159,0,Sensitive,9,570442,0.06417145588601254,0.21758563602114533
S235,South_America,2016,-0.9647306302169831,1.6030883430965641,0,Sensitive,8,462467,0.8465572702781236,0.05408909698197966
S236,Africa,2008,2.159592700601871,0.5795911976912247,1,Resistant,5,657489,0.5827375399284517,0.7044824360266972
S237,Africa,2010,-0.8421570108100281,-0.8074262106862707,1,Resistant,14,264100,0.11788244192920952,0.9734845117464593
S238,South_America,2016,-2.33294264123261,1.2971257970889642,0,Sensitive,11,434506,0.4985371489833127,0.07113649730319796
S239,SE_Asia,2007,1.713109712786924,-3.0868878177849495,0,Sensitive,11,31766,0.5971496732178875,0.23686764077352152
S240,SE_Asia,2014,-0.03478244446039436,1.1492428578423362,1,Resistant,11,923524,0.34082103171586653,0.9092993822382944
S241,Africa,2011,2.897153170648903,1.57380644382329,0,Sensitive,12,149673,0.7111450471842461,0.17444331939018964
S242,Africa,2012,1.784400170275676,0.5461463762253851,0,Sensitive,14,374789,0.5813755386648068,0.12553171336907717
S243,South_America,2016,-0.45885325788759246,2.621847393007714,1,Resistant,4,884759,0.8404297781426655,0.6786678887336179
S244,Africa,2017,-0.8993352033259476,-0.1362009093871379,0,Sensitive,8,60203,0.8634972235153331,0.38890347163099415
S245,Africa,2014,0.0467446865744971,-0.29827836930231194,0,Sensitive,9,722626,0.062336150342527055,0.30643878797463286
S246,Africa,2010,0.3804200357183791,0.7100790582160001,1,Resistant,10,750464,0.6465156822580226,0.6222630005512282
S247,South_America,2012,-1.7634970534636174,1.7354125054403464,1,Resistant,3,531790,0.722638822956976,0.8448023160923894
S248,Africa,2010,1.6838791460491533,1.1396810289049706,0,Sensitive,11,359926,0.14270796949465694,0.21069734926889458
S249,SE_Asia,2009,-0.7947269836207949,-0.45322614932520006,1,Resistant,10,402498,0.883460085520207,0.6338750442642896
S250,SE_Asia,2009,-0.8460554903066247,-1.990455690357293,0,Sensitive,13,6583,0.8564885571653108,0.38828854591051565
S251,Africa,2018,-1.0813766747450058,1.3269585118926337,1,Resistant,12,236328,0.1395784176363265,0.7361933508585798
S252,Africa,2012,0.46203453468674277,-1.5791425485462809,1,Resistant,11,83741,0.8832941548933378,0.9899910887233735
S253,SE_Asia,2013,-1.3841052034417105,-1.6365507359205322,0,Sensitive,14,129544,0.6466780289120881,0.335383694261322
S254,Africa,2005,0.26994021998058837,-1.3092863520853886,0,Sensitive,14,203728,0.7868046487332964,0.14574311726814929
S255,Africa,2015,5.533206142203742,0.11541761351396823,1,Resistant,9,318748,0.7985710492941546,0.8366165656168619
S256,South_America,2007,-0.10721892014268425,-1.5925929285810099,0,Sensitive,4,532380,0.16191585155281807,0.21466897543489144
S257,SE_Asia,2019,-0.8680094765972965,-2.271376073570061,0,Sensitive,11,333955,0.06276611629771348,0.26872134430369166
S258,South_America,2018,-3.335378456295802,-1.3176838889155695,1,Resistant,10,296419,0.6370243077772507,0.905857025898716
S259,Africa,2007,0.10044384952813862,-0.3666636209218072,0,Sensitive,8,447516,0.3373151101172811,0.3440466018773064
S260,Africa,2005,-2.2184618864992123,0.9085689362901493,1,Resistant,6,276265,0.2605330831656298,0.6511917891832828
S261,SE_Asia,2012,-0.7511162379431455,0.13453382152748133,0,Sensitive,6,645488,0.12995229226683483,0.09263950509968316
S262,Africa,2016,0.30321518729428626,-2.160924190497751,0,Sensitive,14,902042,0.8593912467895378,0.2699516239939761
S263,South_America,2006,-3.4619788996443037,0.4573242631421124,0,Sensitive,1,642586,0.5714750114475622,0.1880570238877403
S264,Africa,2006,0.314925504796917,0.6455110427919999,1,Resistant,1,607189,0.836726238723559,0.6206447553519437
S265,Africa,2005,0.6090303508520892,-0.9099263808291043,0,Sensitive,4,998421,0.5567952940695832,0.029072365057203432
S266,Africa,2019,-2.594200039333303,-1.5924921176559266,0,Sensitive,3,547567,0.04860817839415619,0.24169562521513688
S267,Africa,2020,-0.7846183842581749,-1.5932603081247618,0,Sensitive,11,42681,0.21958927913984216,0.02577627066623931
S268,Africa,2007,-3.661332724355609,-1.0636246336911064,1,Resistant,9,974954,0.8172211890731415,0.6691419055792924
S269,Africa,2015,3.151001871684811,4.428484072871748,0,Sensitive,2,688181,0.19134041828360446,0.0815703337620803
S270,SE_Asia,2012,0.6611265530976893,-1.7781448175810934,1,Resistant,11,931373,0.9123209359464232,0.7479319422109516
S271,Africa,2010,-0.3591770019582047,0.5319983343577598,1,Resistant,8,760665,0.3198209145908321,0.8965902406456788
S272,Africa,2014,-0.32687166131232526,-1.4282051927458386,0,Sensitive,10,704912,0.42243356405360216,0.3708159588468892
S273,Africa,2008,2.2628872161315363,-1.0119662315706404,0,Sensitive,10,384106,0.6620947748039206,0.25445861487957305
S274,Africa,2019,-0.18833110384122176,-1.4122728787928054,1,Resistant,14,486472,0.8000788235804411,0.9890218382197216
S275,SE_Asia,2008,0.6616335425515064,1.6024047718131444,1,Resistant,11,632801,0.7656137796985262,0.7955397922881859
S276,Africa,2011,3.03725912073099,0.7582156570866115,1,Resistant,10,39866,0.8164033852161956,0.7116665595896575
S277,SE_Asia,2010,-0.6923342960043962,-0.2586876022816083,0,Sensitive,7,806746,9.519803866792961e-05,0.16800648868077178
S278,Africa,2016,-2.1852706490134644,1.0058698932995394,1,Resistant,8,244485,0.32196451296794176,0.6759893843483834
S279,SE_Asia,2009,-1.649001149507242,1.4869313905476798,0,Sensitive,12,446680,0.21500089248121362,0.23791362846170597
S280,Africa,2020,2.857327668878597,-1.7014300928030122,0,Sensitive,7,714934,9.08126996403596e-05,0.12422489866964703
S281,South_America,2013,0.18285661702811412,1.094504826366061,0,Sensitive,3,29607,0.5737619962384717,0.03550652301921336
S282,Africa,2014,-1.0046625765393484,-1.4352633688432268,0,Sensitive,3,601909,0.9689711185218112,0.2763707407861365
S283,Africa,2019,1.9472887595983177,1.675870454387044,1,Resistant,13,826499,0.49342368585331015,0.607163829463144
S284,SE_Asia,2011,1.9959147713543208,1.480396958773105,1,Resistant,3,407473,0.37521152977050026,0.6503586239716764
S285,Africa,2019,-0.9512955358128776,0.8074061013935537,1,Resistant,7,922876,5.151911361761783e-05,0.6853440539238971
S286,SE_Asia,2009,-1.943873674170901,-0.41985268244807117,0,Sensitive,1,766039,0.9931077613886838,0.0025243722488058843
S287,South_America,2015,-3.14105720212242,-1.0522185262422004,1,Resistant,8,760492,0.8647273963099443,0.6742039018166343
S288,South_America,2013,-3.587777841852474,-0.5272573973461897,1,Resistant,7,345835,9.455261023094893e-05,0.9381876282998336
S289,SE_Asia,2005,-0.5299729036919938,1.5383095281070616,1,Resistant,7,416553,3.423819091939738e-05,0.8599822859754547
S290,South_America,2016,-1.786391894073586,-1.3646620913353606,1,Resistant,8,998558,0.4087514337810141,0.6644519232159699
S291,Africa,2011,3.716948819612371,0.09934247994068464,1,Resistant,14,71242,0.7587031404848196,0.6142640837298171
S292,South_America,2015,0.1170755093900484,-3.495258338643539,0,Sensitive,1,477381,0.0018227443101974524,0.17042028375966467
S293,Africa,2009,-3.8842990865023204,0.5207493170486021,0,Sensitive,2,82953,0.832684390399405,0.16989713050650154
S294,South_America,2014,2.837458551020125,-2.0710568348419014,0,Sensitive,14,123880,0.2604067513929777,0.07849603529770675
S295,Africa,2005,0.3234206188351914,-2.6362734636701064,0,Sensitive,3,871589,0.36621352367159765,0.08770700565796141
S296,South_America,2017,1.4099589607462109,1.0374297638812828,0,Sensitive,11,626282,0.9206913064675546,0.019200216199474342
S297,South_America,2016,1.3640695536668204,0.42067506026761947,0,Sensitive,12,917565,0.3741889829778284,0.2631396725471206
S298,South_America,2015,0.5931131345730785,-0.8867549792960148,1,Resistant,4,492708,0.47824086915842917,0.6675053459650806
S299,Africa,2005,1.046685260869087,-0.604191351538615,0,Sensitive,3,307737,0.4439588002861998,0.37049344372166804
S300,SE_Asia,2017,0.47752134345941083,4.542067534913388,1,Resistant,5,106413,0.36297593013705515,0.9857014112043669
S301,Africa,2010,-2.212771811930874,-0.3882885860459338,0,Sensitive,14,576283,0.0815608512213265,0.21638978135266634
S302,SE_Asia,2020,0.7334643962849481,-0.4024320565551798,1,Resistant,2,256521,0.42392549288074666,0.8991029915047324
S303,Africa,2013,2.0478110099850806,1.304610558309489,1,Resistant,7,78444,5.505791300108439e-05,0.858906668200492
S304,Africa,2020,-0.42011282529163574,0.17442467453670843,1,Resistant,7,564508,5.442682870380054e-05,0.6899885736712111
S305,Africa,2005,1.1026044361395109,1.9748568995151468,0,Sensitive,14,101609,0.8256688396255301,0.008365364530648779
S306,South_America,2013,0.8391782903961237,0.5548976037642852,0,Sensitive,7,733862,2.2370171719538727e-06,0.2953906857081655
S307,Africa,2006,3.6313041278382143,1.5221782850767644,0,Sensitive,8,89453,0.23864469629019605,0.10831194658733799
S308,SE_Asia,2011,-0.5055006013995207,0.8866608259696661,1,Resistant,1,56966,0.10045393673999377,0.6757691077982352
S309,SE_Asia,2016,-0.5840083255404827,1.290607529647283,1,Resistant,14,717485,0.5778691847777722,0.9699042841356678
S310,Africa,2009,-0.23386348029349927,-0.08530593969235595,0,Sensitive,12,534008,0.4786191223403002,0.33082110180123964
S311,SE_Asia,2012,-0.20478215020737997,0.44505555453820717,0,Sensitive,7,519283,3.5489821076326835e-06,0.31791802705558353
S312,SE_Asia,2007,-4.545235421908604,-0.5420709864011797,1,Resistant,12,571862,0.9883321467290693,0.6712446090728761
S313,Africa,2017,-1.2852196829331426,1.2083390147726805,1,Resistant,2,194479,0.20051291906172358,0.6059150974558842
S314,Africa,2016,0.5997701330915465,-2.6920773691306916,0,Sensitive,9,597040,0.7331877413033715,0.18012168536765094
S315,Africa,2019,-0.016513029335707183,1.4522725797761125,0,Sensitive,10,362906,0.43156703241364336,0.10213332030351033
S316,South_America,2010,-1.5986783083942655,1.996050700444417,0,Sensitive,8,221102,0.3953727451852211,0.29260717185098334
S317,SE_Asia,2009,-1.3295585043507614,1.48352355582944,0,Sensitive,7,816520,2.381377078105635e-05,0.014872755892638968
S318,South_America,2018,-0.711226256593918,-0.20819543903323032,1,Resistant,1,200795,0.3576164725330064,0.8866550308923243
S319,SE_Asia,2011,-1.603143561604841,1.010458422213928,1,Resistant,1,753761,0.11794173808403514,0.8142051279953543
S320,SE_Asia,2008,-1.026101220886801,-1.553157335887517,1,Resistant,1,664454,0.4554476767314731,0.8402179032051041
S321,Africa,2005,-1.0787802389570686,1.6742044278020833,0,Sensitive,3,665831,0.5876172646502706,0.013527731815297983
S322,Africa,2009,1.7907416932143538,-2.1984305811834046,0,Sensitive,7,439699,9.31298587289179e-05,0.024739229590325665
S323,South_America,2014,2.0327825370821535,1.1874622424990602,0,Sensitive,9,961461,0.4537267735224324,0.046472242932740215
S324,Africa,2014,1.8671701887893457,1.065314789226777,0,Sensitive,11,621838,0.47209145136549163,0.1192681517972337
S325,Africa,2005,0.8534035983504364,0.8134556725273909,0,Sensitive,9,807565,0.6596335575302978,0.10464370666209032
S326,Africa,2007,-1.4166449688270963,-0.8941672884945207,1,Resistant,5,527673,0.5835697687977445,0.8965943422398588
S327,Africa,2012,1.9196608999874614,1.5203324659350874,0,Sensitive,4,833349,0.9434912413836807,0.28175381018018747
S328,South_America,2011,-0.6285011730388599,-3.6745297251272824,0,Sensitive,13,49450,0.5261085759444856,0.29071213513427707
S329,Africa,2005,0.04610441651894048,1.554443624735918,1,Resistant,6,727494,0.6073868569285189,0.9889869721340887
S330,South_America,2008,2.676441063861177,0.3828758190658289,0,Sensitive,9,63772,0.5306474767146283,0.21582681930985484
S331,SE_Asia,2011,0.1679857122632807,2.1019173450837076,1,Resistant,7,331927,9.042848852648268e-05,0.9174411077183846
S332,South_America,2009,0.4945680604752376,0.4000979698330933,0,Sensitive,11,339991,0.16228256104283645,0.32897900012624004
S333,SE_Asia,2019,-2.825558971993179,3.6763802935194234,1,Resistant,10,843955,0.016483651927509467,0.6371546149550867
S334,South_America,2006,0.974018587533707,-1.883638666896292,0,Sensitive,14,996769,0.2221352921955347,0.3614744880723634
S335,Africa,2010,-1.9600132946049622,1.2188146370031363,0,Sensitive,11,278779,0.5583479282627887,0.32584467859581506
S336,Africa,2008,2.023879312735804,-1.7720089783114423,1,Resistant,1,654503,0.02755571398938223,0.9056130060752269
S337,Africa,2019,-0.36919835434570114,-0.25277236090845,0,Sensitive,13,412860,0.31793468923879686,0.11576860507948537
S338,SE_Asia,2018,-4.472337684034221,1.4847451752853498,1,Resistant,3,400270,0.0410895505769226,0.8471625865358386
S339,Africa,2020,-0.7160402051266841,1.250860652421002,0,Sensitive,8,45025,0.6865996186282407,0.27985433685086647
S340,Africa,2013,-0.45606907657183443,4.159077360715354,0,Sensitive,5,289840,0.5135075342723715,0.05860038694377896
S341,South_America,2014,0.9709504521561845,-0.7028134667269987,1,Resistant,11,780328,0.8923203599226488,0.8178796075603161
S342,South_America,2016,1.3410247812943346,2.572002688292364,0,Sensitive,10,595776,0.6296528290212703,0.07616952555251683
S343,Africa,2005,-0.6555284894423767,-0.5086003742603841,1,Resistant,1,407861,0.7040145899616422,0.881239942522017
S344,SE_Asia,2013,2.025736389707749,-1.4018001765693977,1,Resistant,8,933164,0.8822389956817618,0.8491514324233923
S345,Africa,2015,-6.334110657305812,-3.245907122834048,1,Resistant,4,78893,0.8966305150389253,0.663598940304052
S346,Africa,2014,-1.4279779960504584,0.32534125180430123,0,Sensitive,12,738277,0.36878069159123134,0.0012933905915889722
S347,Africa,2020,-2.224728541674373,-1.0426112112322563,0,Sensitive,6,164711,0.5848840206536134,0.09930612599234304
S348,Africa,2012,-2.5083670211698426,1.6950347396578078,1,Resistant,8,365968,0.4036056000926286,0.6655017938428637
S349,South_America,2020,1.9194127426950214,-1.0568015098688646,0,Sensitive,1,950335,0.5664396736710232,0.041350180219497816
S350,South_America,2018,1.6583407980496983,-0.9532031151638892,0,Sensitive,1,798579,0.9412012842466772,0.23531037972915103
S351,SE_Asia,2016,-1.5515400408204438,0.7093105528618774,1,Resistant,7,776952,6.36621529197211e-05,0.7083652672925238
S352,South_America,2007,2.35611400791992,3.4424315962787846,0,Sensitive,11,666210,0.4717747404017913,0.1848888914893644
S353,Africa,2009,0.2029337849048361,-2.177299761872297,0,Sensitive,13,638086,0.06464475592707902,0.24879452598022037
S354,Africa,2015,-0.8433682015503056,2.035225609463991,1,Resistant,9,817920,0.9599451501961027,0.634709521373344
S355,Africa,2019,-1.3858455927448738,1.7482105995907389,1,Resistant,5,16116,0.11858571295019718,0.872073023693986
S356,Africa,2018,-1.5565434529261852,-0.4418919407368679,0,Sensitive,12,512325,0.02448994044072703,0.06072872997763304
S357,Africa,2005,0.9455497148990692,1.3508325700366806,0,Sensitive,14,846557,0.6986545217314244,0.28143911834136875
S358,Africa,2017,1.3003098019340045,-0.568552852654954,0,Sensitive,14,86553,0.8490927644449322,0.012445015845431362
S359,SE_Asia,2013,0.47700242437581836,4.7427769080505,1,Resistant,12,74941,0.6176975492631489,0.9742472153558929
S360,Africa,2008,-4.100435354766194,-0.22419058351015692,1,Resistant,9,106028,0.5937141498619716,0.8316466472599627
S361,SE_Asia,2007,0.5927173121058088,0.1608281871053287,1,Resistant,11,532581,0.32866416435891804,0.6276899082208834
S362,Africa,2008,1.1307931280776116,-0.6515832183016496,0,Sensitive,1,65208,0.6257528351054322,0.061843131760079696
S363,SE_Asia,2011,-1.3384112109288984,-3.386908095023078,1,Resistant,10,50889,0.824679007872033,0.749534046425499
S364,Africa,2007,0.0865010857967065,-0.5263067597563786,1,Resistant,13,462502,0.3269129202099042,0.6581569083840676
S365,Africa,2019,-3.7277685986014952,0.4640739430778143,1,Resistant,11,702265,0.46087307290983975,0.893227073199227
S366,SE_Asia,2016,-2.459938123359546,3.001845243313462,1,Resistant,8,387496,0.6422508154286068,0.6748721862562044
S367,SE_Asia,2013,-0.6484706964810542,0.9839142555931322,0,Sensitive,14,869923,0.7816447116900961,0.09364421033993736
S368,Africa,2010,-0.6195022880322124,-0.378764375465394,0,Sensitive,8,622668,0.6376569969172943,0.27209737101377657
S369,SE_Asia,2009,0.7033587434992032,0.11988638549523586,0,Sensitive,3,131237,0.1572973611569977,0.04575139149989891
S370,SE_Asia,2009,-2.37385077305882,0.6546807328165968,1,Resistant,3,591606,0.5298698349310729,0.8642091977630426
S371,South_America,2017,-0.6824121292413461,-0.7579321171578678,1,Resistant,3,873880,0.43543389535474364,0.8505412268185428
S372,SE_Asia,2005,-0.9795595608268179,1.3644740336057242,0,Sensitive,11,722965,0.6455711819237596,0.3620595491384275
S373,Africa,2019,1.0560209479584162,3.2501763161733623,1,Resistant,10,101996,0.6460234336261723,0.8547645557899588
S374,SE_Asia,2020,2.8420855367366626,-0.7262974769910735,1,Resistant,14,996935,0.09750713723152281,0.9617998709161621
S375,SE_Asia,2016,3.44184063962015,2.4150605317007234,0,Sensitive,3,242024,0.13874291971905653,0.375188048632785
S376,Africa,2005,-3.136880093662715,1.752652608462642,0,Sensitive,4,947400,0.08760783165358439,0.024912068724599525
S377,South_America,2020,-0.0960283835009146,1.074489722107729,0,Sensitive,12,51830,0.09599076748365779,0.3258788932398698
S378,Africa,2008,-2.2250586204895306,0.2238512371137294,0,Sensitive,13,660738,0.524353994014237,0.13854547004851545
S379,SE_Asia,2016,-0.1294899029724796,0.6755677419654211,1,Resistant,9,499028,0.002830483563127197,0.6815553470305356
S380,Africa,2013,0.845838559231898,-0.4347863477436175,0,Sensitive,13,817238,0.7827968699538391,0.37864447000587786
S381,Africa,2016,0.16298179740682342,3.6737370074531936,1,Resistant,7,737375,6.665308639019097e-06,0.9456824020879927
S382,South_America,2010,-0.0980233975889217,-1.4368063115109266,0,Sensitive,12,844888,0.7210577570428822,0.33819729566130263
S383,SE_Asia,2020,2.966078349530603,2.2698893885718685,1,Resistant,2,965827,0.4806463459036958,0.6463888016076521
S384,SE_Asia,2009,1.4419787834078175,3.0994434425312307,0,Sensitive,14,949515,0.9066987831246741,0.20972092183703867
S385,SE_Asia,2016,-0.5453089230755673,-0.6462686656453998,1,Resistant,1,880491,0.8228404956223636,0.8905842448250482
S386,Africa,2016,0.048422721790586945,2.3316939185842167,0,Sensitive,10,902512,0.49839153685634463,0.17054390600334118
S387,Africa,2006,1.7417956135787984,0.2879626924620213,1,Resistant,10,216763,0.2442773328670672,0.9680326420258445
S388,South_America,2009,1.2195810120785577,0.1247195772710063,0,Sensitive,1,525733,0.12657931498790728,0.08623066826966436
S389,SE_Asia,2017,-0.8501522074016432,-0.1491273856722419,0,Sensitive,12,325811,0.8430921780126925,0.27059104845211296
S390,Africa,2007,-3.550485682207139,-3.227462201084842,0,Sensitive,14,700689,0.6769054556778089,0.16251526956871964
S391,Africa,2006,-2.3693149855453792,1.0958479165034103,0,Sensitive,14,453340,0.26524528315828727,0.30916686021931633
S392,Africa,2009,0.2919584500270303,2.8871035287034923,0,Sensitive,3,849325,0.7261275835288017,0.21373880544958854
S393,South_America,2019,-3.573053705358011,-1.4094408452492115,1,Resistant,14,381291,0.3080461114478472,0.8143803884048483
S394,Africa,2006,-0.30478899603285564,1.6946773161580793,0,Sensitive,8,623725,0.2548496324205679,0.26476665321622306
S395,Africa,2017,-0.9071383523750577,-0.1704107845874438,1,Resistant,13,187441,0.7392098585670911,0.837075531982836
S396,Africa,2015,1.9985056060944069,-2.1853785499548284,1,Resistant,4,685660,0.7395637188298407,0.9383887709286818
S397,Africa,2013,-2.6360876469509114,1.9957799314395672,0,Sensitive,2,871180,0.8238875126664649,0.3520517086067278
S398,Africa,2006,-3.8635379578019773,3.3720736625924883,0,Sensitive,4,355537,0.8497925105424468,0.38855882524408575
S399,Africa,2006,-0.8392814832202161,-1.5885047177392202,0,Sensitive,12,548106,0.5468028176729441,0.11398382134573284
S400,South_America,2012,1.269526263187045,0.43160339106574735,0,Sensitive,14,529944,0.25804271100053006,0.21033080874948673
S401,Africa,2007,2.1398371978547037,-2.8794714153587018,0,Sensitive,5,52295,0.6055636294184559,0.007570041347342293
S402,Africa,2016,-1.8186540331198857,-0.08401463714247046,1,Resistant,7,922643,9.525308266244647e-05,0.6670918375865574
S403,South_America,2013,0.9405274951923721,0.9721328056865266,1,Resistant,12,104302,0.7929078193872481,0.947071380121838
S404,Africa,2020,-2.222860895524709,3.5058192116869202,1,Resistant,2,87718,0.11901506736866495,0.7439065662079659
S405,South_America,2014,-1.497654931138904,3.115147432252249,0,Sensitive,7,450794,6.6167123473602225e-06,0.025777209352495768
S406,Africa,2013,1.13518945205553,3.2849966831264417,1,Resistant,3,281921,0.03809749591295228,0.9222202556222361
S407,SE_Asia,2016,1.4363010851036877,-1.0541838837440856,1,Resistant,13,341654,0.44550645374764214,0.9778538718131005
S408,Africa,2018,-1.9987614985470374,-0.49033013699803146,0,Sensitive,14,10065,0.1401341011065897,0.257089408391473
S409,Africa,2008,0.9497966458739693,-3.3286108498438733,1,Resistant,9,996005,0.9726769059640663,0.6167571213669615
S410,Africa,2015,-3.7369996265011,-1.4303110168379576,0,Sensitive,14,396133,0.35580357883252733,0.03928162723043047
S411,Africa,2008,-0.4053178143311079,-2.903658403690215,0,Sensitive,1,989362,0.7898907328738193,0.1467037291275582
S412,Africa,2009,-2.268496052556683,0.7310737932744831,1,Resistant,8,815157,0.8286960944505687,0.9471069856957409
S413,South_America,2020,-1.615398680394303,-1.3939800095824875,0,Sensitive,4,991860,0.09212405988029465,0.22333370136764763
S414,SE_Asia,2008,-2.552154704288699,-2.202844539629946,1,Resistant,12,116314,0.6686671798686867,0.9428129755880387
S415,Africa,2008,1.1072527906779697,-0.7108288718013608,0,Sensitive,12,386925,0.3443228277248806,0.13989846668055916
S416,SE_Asia,2020,1.107748940863735,-2.369753911858887,1,Resistant,13,693412,0.2981698262247405,0.7128483248369616
S417,Africa,2011,-1.3824008906655552,0.6180336395752656,0,Sensitive,4,397159,0.754425073141572,0.2712784102795515
S418,Africa,2019,0.7511646128871969,0.5688949880468732,1,Resistant,12,867920,0.2543417251244125,0.6553865910495196
S419,Africa,2006,0.5225451062707505,-0.6314251801154792,0,Sensitive,1,251400,0.3099121295892112,0.02501892924145679
S420,South_America,2011,-0.25690350866688527,-1.4613509608268527,1,Resistant,14,739191,0.756794307642219,0.8140117058287111
S421,SE_Asia,2007,4.316340399167156,-2.6788827496911347,1,Resistant,9,688523,0.3496183485745609,0.8702568321350204
S422,Africa,2012,-1.6817572342797202,1.11071321049608,1,Resistant,6,969570,0.3925018099172177,0.6846018847654336
S423,South_America,2017,0.02861018142627378,0.45744147987087297,0,Sensitive,5,64534,0.740996944006305,0.3252365248366442
S424,South_America,2012,-0.7647740585911178,0.9286309282448869,0,Sensitive,5,741436,0.1385516123532213,0.3474394036959878
S425,Africa,2005,-0.7435600292608431,-0.6128707619052943,0,Sensitive,11,131090,0.6929036902798182,0.30495341804052783
S426,South_America,2015,0.31882400818295864,-0.43584701116280405,0,Sensitive,4,640527,0.323210576714766,0.15922692909298528
S427,South_America,2010,-0.5887914003792892,2.8839982975526057,0,Sensitive,11,407442,0.8441206311561116,0.03293637741619535
S428,Africa,2009,-1.7208535201844766,-1.2011697309978742,0,Sensitive,6,958004,0.6183905247962339,0.22703348937943588
S429,SE_Asia,2011,0.24845499591946188,-0.6252880451161685,1,Resistant,9,181359,0.007773475996892671,0.9941668923071888
S430,Africa,2017,2.3646632935079706,1.4877841657302977,1,Resistant,3,709601,0.13227115070423848,0.6131626950424297
S431,Africa,2006,1.8855327599569998,0.6058225931112594,1,Resistant,5,343747,0.7505355083442862,0.6434039476757357
S432,Africa,2006,0.4060889768174214,-4.0932444141329976,0,Sensitive,1,932815,0.21987250969680294,0.26637712786884443
S433,Africa,2009,-1.470793627597858,-3.3757734600633356,0,Sensitive,1,517713,0.01714684352176586,0.17713947571701288
S434,Africa,2020,0.37285920079893914,-1.3216625332201888,1,Resistant,10,562044,0.7384593562426737,0.8858999723677075
S435,Africa,2005,2.169286046691878,1.820599328890733,0,Sensitive,9,229349,0.6726099988334285,0.376796841385187
S436,Africa,2012,2.382378524653974,1.3433461553653667,1,Resistant,3,379407,0.22334710106031647,0.8180641262369255
S437,South_America,2011,0.7193741191327917,1.039046721499971,0,Sensitive,2,106416,0.6259389265931055,0.06919151896476694
S438,Africa,2013,-0.7287144003324364,1.255488192671647,1,Resistant,9,851578,0.6272252743629934,0.738042336021689
S439,SE_Asia,2012,-0.40550549886574266,-1.9378895092450448,0,Sensitive,8,717458,0.9393911804093665,0.39468470972922115
S440,Africa,2011,1.5440918546770093,1.2020941865011077,0,Sensitive,3,846710,0.09783276387879654,0.15026854531595268
S441,Africa,2019,1.3726924297425007,-1.8425673934450857,1,Resistant,12,435996,0.17152288741623753,0.6474504649358864
S442,Africa,2013,-3.5153992242759675,1.8945984035442105,1,Resistant,13,339574,0.3022140420087631,0.878855147680783
S443,South_America,2018,1.3172351295845544,-1.0211302684281471,1,Resistant,12,930852,0.7664605229559743,0.6099347128622433
S444,Africa,2016,1.4225766800590556,0.56325215621336,0,Sensitive,10,22716,0.47194173013864127,0.15979422200560559
S445,Africa,2007,-1.7743828500105463,-3.7489968074380338,0,Sensitive,14,794900,0.3682512564483068,0.106086186231735
S446,South_America,2011,-1.5299622324473625,-2.6977778244107706,1,Resistant,11,225706,0.3814013041323639,0.7929821476804896
S447,South_America,2016,-1.514328196235271,2.181354875775158,1,Resistant,9,409619,0.5081173891588556,0.6275721564956939
S448,Africa,2009,-1.3605256050456944,1.3834877403738202,0,Sensitive,10,722668,0.3249796413718132,0.027946786079360297
S449,SE_Asia,2005,-2.8334991743884683,-2.4358735466415986,1,Resistant,5,309001,0.6817618376400252,0.7904061867816617
S450,Africa,2010,0.6261838591038937,2.571183444827999,0,Sensitive,3,387975,0.025229967002733018,0.10672590338059887
S451,Africa,2013,-1.5714387975350208,-2.181568857636284,0,Sensitive,11,531740,0.597841329514819,0.3653197267032675
S452,South_America,2011,-0.14076767218257974,0.039922207808665046,1,Resistant,6,894258,0.36051599819831176,0.8458157350905904
S453,Africa,2020,-0.9951375660979911,-0.9602012437323045,1,Resistant,8,360780,0.47895147330920285,0.9696662325295811
S454,SE_Asia,2009,0.51035504279338,-1.8468303932422414,0,Sensitive,5,999675,0.7530291422883533,0.3840556413202391
S455,South_America,2007,-2.0212340721439013,2.3358811230771566,1,Resistant,5,569234,0.03558656920409538,0.9498378264940799
S456,Africa,2009,0.49053074979293254,3.3699629912485367,0,Sensitive,14,17845,0.21665247445789576,0.20212113891303632
S457,Africa,2017,0.7795620318873862,0.35654843419531396,0,Sensitive,4,995822,0.511491897695615,0.1492266959615663
S458,Africa,2005,1.6551891703972572,3.0519978337253364,0,Sensitive,9,925034,0.6173145540577232,0.1788443110649244
S459,SE_Asia,2005,3.935538178781315,-0.5624301063787918,0,Sensitive,9,897391,0.18522836526666503,0.08810877416613239
S460,South_America,2010,-4.184203540508436,0.2166171967647086,0,Sensitive,2,817134,0.1951460542993307,0.39785019461260324
S461,Africa,2015,0.6406286687462732,0.2629785127892368,0,Sensitive,1,368345,0.6238413738165851,0.12694456991308903
S462,Africa,2014,-1.4183256832134798,-2.3134177772474436,1,Resistant,14,431824,0.7237951455452172,0.8074287896708603
S463,SE_Asia,2005,-3.850117345822321,0.9989137849250622,1,Resistant,11,158623,0.44996274841355044,0.6820134155118973
S464,South_America,2014,1.6832612466133108,1.4193862803247383,1,Resistant,7,444583,5.057464240057901e-05,0.795730887033959
S465,SE_Asia,2013,2.664399767789811,-0.3469472692826536,0,Sensitive,9,756733,0.4002261400001583,0.10064987058221582
S466,Africa,2020,-0.783255420998515,-3.383502336225686,1,Resistant,1,980089,0.25251990728797663,0.8022290559728298
S467,SE_Asia,2011,0.42183259244402144,0.7354109887421542,0,Sensitive,9,318809,0.9855911719539906,0.12182393610036586
S468,Africa,2015,-0.12815348032631396,-3.030027028300566,0,Sensitive,8,492003,0.6259030057168111,0.29995821279454443
S469,Africa,2010,0.8683953361863923,-1.622539667271543,0,Sensitive,2,898517,0.3563250269774466,0.3500211925923698
S470,SE_Asia,2010,1.7610714978471944,0.26284258490062984,1,Resistant,3,585741,0.25588710246575347,0.9867480555416079
S471,Africa,2020,0.6898746713867941,-1.5393249286475073,0,Sensitive,5,519893,0.25147353478484,0.05708155293084421
S472,SE_Asia,2019,0.6915398589203179,0.5073533010903493,1,Resistant,13,959281,0.31752093866072884,0.8767592533169268
S473,Africa,2008,2.5194730857432677,-0.4524205097929594,0,Sensitive,11,772438,0.5547341607020255,0.18764973497099036
S474,Africa,2013,-0.3293244443532367,-3.2609930214821095,0,Sensitive,4,334440,0.5817172393927089,0.0364732670608908
S475,South_America,2017,1.8461291425978996,0.33594312215702,1,Resistant,1,162246,0.6617457550959123,0.7162865874967196
S476,Africa,2015,-1.6440008443830376,1.1731593605730815,1,Resistant,4,49645,0.02382623848077976,0.6578697575396901
S477,SE_Asia,2020,3.2141698934334038,2.0248004856237625,1,Resistant,9,215726,0.5768623305058265,0.8413458546572316
S478,Africa,2006,1.4756507847458116,-0.7331361495338906,0,Sensitive,7,965935,6.204970595144612e-05,0.36347351712400666
S479,SE_Asia,2013,-0.8075190677829195,-0.12296735747041285,1,Resistant,12,572437,0.9192737975008203,0.9059792761137151
S480,Africa,2008,-4.2290962941793335,-2.9902173386796016,1,Resistant,11,848710,0.2316225800968843,0.9944186161881098
S481,Africa,2016,-0.0006214342623001959,3.9297788106785814,0,Sensitive,2,737193,0.04340101920276393,0.00672962611520922
S482,SE_Asia,2016,-2.3636188175414996,3.010016378699368,1,Resistant,10,576171,0.945746925928314,0.7736276272071367
S483,SE_Asia,2012,0.5992692063594935,-0.0636680352271025,1,Resistant,13,118554,0.5633797888923118,0.8067128885998973
S484,SE_Asia,2013,2.902337645600951,-0.2496835452899094,0,Sensitive,12,759557,0.10411725779039166,0.05671850175117941
S485,Africa,2019,0.32011958559297793,-5.860445688735953,0,Sensitive,5,309799,0.32624529822797604,0.18206839402138236
S486,Africa,2010,-0.35602522864904723,2.070525125825498,1,Resistant,9,949793,0.3915562028535926,0.9099713529930492
S487,Africa,2016,0.6844108079917178,1.1257223623145751,0,Sensitive,5,915240,0.7679989476028994,0.06056065673083837
S488,Africa,2017,0.5713003922197499,1.625623740993736,0,Sensitive,12,788628,0.2643964569541146,0.04235128883234292
S489,South_America,2014,-4.725728216904495,-0.8104963105988535,1,Resistant,4,607907,0.9497230396784014,0.9373764156103621
S490,Africa,2018,0.48187372814102597,-0.9388576501267333,1,Resistant,4,931757,0.5723967228758488,0.9774503484509731
S491,SE_Asia,2006,1.240554712235393,-2.470837291640667,1,Resistant,9,89885,0.09530673688844984,0.9109073989151566
S492,South_America,2009,-0.5186832685854139,1.5560194603700002,0,Sensitive,5,362798,0.5075815589740118,0.24556811715095825
S493,South_America,2014,1.9571181562810194,2.5043077573969272,1,Resistant,5,610365,0.5837879089887232,0.6633509906685634
S494,Africa,2016,-0.2553491491659932,2.247765753526093,0,Sensitive,14,923204,0.9587536515788819,0.36679043059274796
S495,Africa,2008,1.5339975249608198,0.37451515201670593,1,Resistant,13,565940,0.912125054990746,0.9780594882842457
S496,South_America,2009,4.546210214124309,-0.6533034043350544,0,Sensitive,5,804271,0.940590416520096,0.2553633993725354
S497,South_America,2015,-0.19278225805294374,-2.1039408467322076,1,Resistant,14,618543,0.6470527653004564,0.6765855709327029
S498,South_America,2009,-3.884264331836494,-1.4035010392617089,0,Sensitive,5,118887,0.6428144236954609,0.2694346149496815
S499,Africa,2009,-0.6731834481512172,0.9351009472700444,0,Sensitive,11,428934,0.6846570299702819,0.25874540181761074
S500,SE_Asia,2019,-3.4517800095801405,-0.5691067508017468,1,Resistant,11,986621,0.049072221190476877,0.7626012626718508
